0	0	0	0	0	0
256	0	0	260	3	3
512	0	0	524	5	9
768	0	0	791	3	17
1024	0	0	1076	1	17
1280	0	0	1361	0	16
1536	0	0	1634	0	12
1792	0	0	1898	0	9
2048	0	0	2157	0	9
2303	0	0	2408	0	10
2559	0	0	2659	0	12
2815	0	0	2908	0	14
3071	0	0	3149	5	16
3327	0	0	3387	16	17
3583	0	0	3622	45	19
3839	0	0	3854	82	20
4095	0	0	4084	125	23
0	256	0	6	268	6
256	256	0	261	262	4
512	256	0	517	258	3
768	256	0	778	257	6
1024	256	0	1070	261	7
1280	256	0	1364	263	6
1536	256	0	1637	260	4
1792	256	0	1901	257	4
2048	256	0	2160	253	3
2303	256	0	2411	252	5
2559	256	0	2661	252	6
2815	256	0	2907	252	8
3071	256	0	3149	257	10
3327	256	0	3389	265	12
3583	256	0	3624	282	14
3839	256	0	3857	304	16
4095	256	0	4087	329	19
0	512	0	8	534	8
256	512	0	259	525	3
512	512	0	514	518	0
768	512	0	775	518	0
1024	512	0	1069	526	0
1280	512	0	1366	534	0
1536	512	0	1639	528	0
1792	512	0	1904	523	0
2048	512	0	2163	517	0
2303	512	0	2414	513	1
2559	512	0	2663	511	2
2815	512	0	2908	510	4
3071	512	0	3150	512	5
3327	512	0	3391	516	7
3583	512	0	3627	523	9
3839	512	0	3860	532	11
4095	512	0	4091	543	13
0	768	0	1	800	1
256	768	0	255	792	0
512	768	0	515	788	0
768	768	0	784	788	0
1024	768	0	1075	802	0
1280	768	0	1368	814	0
1536	768	0	1641	810	0
1792	768	0	1906	803	0
2048	768	0	2166	795	0
2303	768	0	2417	788	0
2559	768	0	2667	782	0
2815	768	0	2913	777	1
3071	768	0	3154	773	1
3327	768	0	3394	771	1
3583	768	0	3632	770	1
3839	768	0	3865	772	2
4095	768	0	4094	774	3
0	1024	0	0	1087	0
256	1024	0	247	1082	0
512	1024	0	508	1080	0
768	1024	0	791	1080	0
1024	1024	0	1080	1087	0
1280	1024	0	1366	1093	0
1536	1024	0	1640	1088	0
1792	1024	0	1906	1080	0
2048	1024	0	2167	1070	0
2303	1024	0	2419	1060	0
2559	1024	0	2669	1051	0
2815	1024	0	2916	1042	0
3071	1024	0	3158	1034	0
3327	1024	0	3399	1028	0
3583	1024	0	3637	1023	0
3839	1024	0	3868	1019	0
4095	1024	0	4095	1016	1
0	1280	0	0	1375	0
256	1280	0	233	1373	0
512	1280	0	492	1372	0
768	1280	0	792	1372	0
1024	1280	0	1079	1372	0
1280	1280	0	1362	1370	0
1536	1280	0	1637	1365	0
1792	1280	0	1905	1356	0
2048	1280	0	2167	1344	0
2303	1280	0	2420	1331	0
2559	1280	0	2672	1319	0
2815	1280	0	2918	1307	0
3071	1280	0	3161	1296	0
3327	1280	0	3403	1286	0
3583	1280	0	3642	1277	0
3839	1280	0	3871	1269	0
4095	1280	0	4095	1261	0
0	1536	0	0	1647	0
256	1536	0	203	1645	0
512	1536	0	451	1644	0
768	1536	0	767	1644	0
1024	1536	0	1061	1643	0
1280	1536	0	1348	1642	0
1536	1536	0	1629	1640	0
1792	1536	0	1900	1631	0
2048	1536	0	2165	1618	0
2303	1536	0	2420	1603	0
2559	1536	0	2672	1588	0
2815	1536	0	2920	1573	0
3071	1536	0	3165	1559	0
3327	1536	0	3408	1547	0
3583	1536	0	3647	1534	0
3839	1536	0	3875	1522	0
4095	1536	0	4095	1509	0
0	1792	0	0	1910	0
256	1792	0	144	1910	0
512	1792	0	371	1909	0
768	1792	0	725	1909	0
1024	1792	0	1032	1909	0
1280	1792	0	1324	1908	0
1536	1792	0	1609	1907	0
1792	1792	0	1887	1901	0
2048	1792	0	2158	1891	0
2303	1792	0	2415	1874	0
2559	1792	0	2669	1857	0
2815	1792	0	2919	1840	0
3071	1792	0	3166	1824	0
3327	1792	0	3411	1808	0
3583	1792	0	3651	1793	0
3839	1792	0	3877	1778	0
4095	1792	0	4095	1762	0
0	2048	0	0	2169	0
256	2048	0	65	2170	0
512	2048	0	267	2170	0
768	2048	0	671	2170	0
1024	2048	0	995	2170	0
1280	2048	0	1295	2169	0
1536	2048	0	1582	2168	0
1792	2048	0	1867	2167	0
2048	2048	0	2149	2165	0
2303	2048	0	2408	2145	0
2559	2048	0	2664	2126	0
2815	2048	0	2917	2107	0
3071	2048	0	3165	2088	0
3327	2048	0	3411	2070	0
3583	2048	0	3653	2052	0
3839	2048	0	3879	2035	0
4095	2048	0	4095	2018	0
0	2303	0	0	2420	0
256	2303	0	25	2422	0
512	2303	0	203	2423	0
768	2303	0	611	2423	0
1024	2303	0	945	2423	0
1280	2303	0	1257	2422	0
1536	2303	0	1548	2421	0
1792	2303	0	1835	2420	0
2048	2303	0	2119	2418	0
2303	2303	0	2390	2409	0
2559	2303	0	2655	2396	0
2815	2303	0	2910	2376	0
3071	2303	0	3160	2355	0
3327	2303	0	3407	2335	0
3583	2303	0	3650	2315	0
3839	2303	0	3878	2295	0
4095	2303	0	4095	2275	0
0	2559	0	0	2670	0
256	2559	0	0	2673	0
512	2559	0	157	2675	0
768	2559	0	549	2674	0
1024	2559	0	893	2674	0
1280	2559	0	1217	2673	0
1536	2559	0	1513	2672	0
1792	2559	0	1802	2671	0
2048	2559	0	2088	2670	0
2303	2559	0	2366	2668	0
2559	2559	0	2639	2660	0
2815	2559	0	2900	2643	0
3071	2559	0	3152	2623	0
3327	2559	0	3401	2601	0
3583	2559	0	3645	2580	0
3839	2559	0	3875	2557	0
4095	2559	0	4095	2533	0
0	2815	0	0	2917	0
256	2815	0	0	2920	0
512	2815	0	139	2922	0
768	2815	0	484	2921	0
1024	2815	0	834	2920	0
1280	2815	0	1175	2920	0
1536	2815	0	1476	2920	0
1792	2815	0	1769	2919	0
2048	2815	0	2055	2918	0
2303	2815	0	2333	2916	0
2559	2815	0	2611	2913	0
2815	2815	0	2885	2908	0
3071	2815	0	3142	2889	0
3327	2815	0	3393	2867	0
3583	2815	0	3639	2845	0
3839	2815	0	3871	2820	0
4095	2815	0	4095	2792	0
0	3071	0	0	3159	0
256	3071	0	0	3163	0
512	3071	0	113	3165	0
768	3071	0	395	3165	0
1024	3071	0	759	3164	0
1280	3071	0	1128	3164	0
1536	3071	0	1435	3164	0
1792	3071	0	1732	3163	0
2048	3071	0	2020	3162	0
2303	3071	0	2299	3160	0
2559	3071	0	2578	3158	0
2815	3071	0	2855	3156	0
3071	3071	0	3121	3146	0
3327	3071	0	3381	3131	0
3583	3071	0	3628	3108	0
3839	3071	0	3862	3079	0
4095	3071	0	4088	3047	0
0	3327	0	0	3401	0
256	3327	0	0	3405	0
512	3327	0	80	3407	0
768	3327	0	280	3407	0
1024	3327	0	667	3407	0
1280	3327	0	1076	3407	0
1536	3327	0	1392	3406	0
1792	3327	0	1693	3405	0
2048	3327	0	1984	3403	0
2303	3327	0	2264	3402	0
2559	3327	0	2544	3401	0
2815	3327	0	2820	3398	0
3071	3327	0	3095	3396	0
3327	3327	0	3364	3391	0
3583	3327	0	3615	3369	0
3839	3327	0	3851	3337	0
4095	3327	0	4077	3300	0
0	3583	0	0	3639	0
256	3583	0	0	3643	0
512	3583	0	26	3646	0
768	3583	0	90	3646	0
1024	3583	0	527	3645	0
1280	3583	0	1017	3644	0
1536	3583	0	1344	3644	0
1792	3583	0	1651	3643	0
2048	3583	0	1946	3642	0
2303	3583	0	2229	3642	0
2559	3583	0	2509	3641	0
2815	3583	0	2785	3637	0
3071	3583	0	3059	3635	0
3327	3583	0	3331	3632	0
3583	3583	0	3597	3625	0
3839	3583	0	3837	3596	0
4095	3583	0	4060	3552	0
0	3839	0	0	3869	0
256	3839	0	0	3872	0
512	3839	0	2	3874	0
768	3839	0	8	3874	0
1024	3839	0	476	3873	0
1280	3839	0	1004	3872	0
1536	3839	0	1318	3872	0
1792	3839	0	1621	3872	0
2048	3839	0	1915	3872	0
2303	3839	0	2197	3871	0
2559	3839	0	2479	3869	0
2815	3839	0	2757	3866	0
3071	3839	0	3027	3865	0
3327	3839	0	3296	3864	0
3583	3839	0	3567	3865	0
3839	3839	0	3812	3841	0
4095	3839	0	4040	3801	0
0	4095	0	0	4095	0
256	4095	0	0	4095	0
512	4095	0	0	4095	0
768	4095	0	0	4095	0
1024	4095	0	483	4094	0
1280	4095	0	1023	4092	0
1536	4095	0	1309	4093	0
1792	4095	0	1597	4094	0
2048	4095	0	1887	4095	0
2303	4095	0	2169	4093	0
2559	4095	0	2452	4090	0
2815	4095	0	2734	4087	0
3071	4095	0	2998	4087	0
3327	4095	0	3258	4089	0
3583	4095	0	3528	4092	0
3839	4095	0	3780	4077	0
4095	4095	0	4018	4049	0
0	0	256	21	24	282
256	0	256	268	12	270
512	0	256	523	4	265
768	0	256	791	1	269
1024	0	256	1075	1	273
1280	0	256	1360	0	276
1536	0	256	1633	0	274
1792	0	256	1899	0	271
2048	0	256	2160	0	268
2303	0	256	2414	0	265
2559	0	256	2666	0	262
2815	0	256	2916	0	260
3071	0	256	3161	2	258
3327	0	256	3404	6	255
3583	0	256	3643	17	253
3839	0	256	3871	31	250
4095	0	256	4091	47	248
0	256	256	32	286	287
256	256	256	270	269	269
512	256	256	521	256	258
768	256	256	792	252	258
1024	256	256	1083	251	262
1280	256	256	1375	250	264
1536	256	256	1647	243	262
1792	256	256	1912	235	260
2048	256	256	2173	227	258
2303	256	256	2425	219	256
2559	256	256	2676	211	254
2815	256	256	2923	203	252
3071	256	256	3167	195	251
3327	256	256	3409	189	249
3583	256	256	3648	184	248
3839	256	256	3874	160	242
4095	256	256	4092	123	234
0	512	256	29	549	285
256	512	256	262	530	263
512	512	256	513	517	250
768	512	256	789	513	249
1024	512	256	1087	515	252
1280	512	256	1383	517	255
1536	512	256	1655	506	254
1792	512	256	1920	494	253
2048	512	256	2179	482	251
2303	512	256	2430	470	250
2559	512	256	2681	458	249
2815	512	256	2928	444	246
3071	512	256	3172	430	244
3327	512	256	3415	416	242
3583	512	256	3653	403	241
3839	512	256	3878	357	233
4095	512	256	4093	290	220
0	768	256	5	814	273
256	768	256	241	800	250
512	768	256	497	790	238
768	768	256	783	787	243
1024	768	256	1081	798	247
1280	768	256	1378	808	251
1536	768	256	1652	800	250
1792	768	256	1917	791	250
2048	768	256	2178	781	250
2303	768	256	2428	771	250
2559	768	256	2679	760	248
2815	768	256	2929	745	243
3071	768	256	3176	726	238
3327	768	256	3421	708	233
3583	768	256	3659	698	232
3839	768	256	3882	656	223
4095	768	256	4095	592	208
0	1024	256	0	1096	264
256	1024	256	220	1089	242
512	1024	256	475	1084	231
768	1024	256	781	1082	237
1024	1024	256	1079	1087	240
1280	1024	256	1371	1091	242
1536	1024	256	1647	1084	242
1792	1024	256	1915	1074	242
2048	1024	256	2177	1063	242
2303	1024	256	2429	1051	243
2559	1024	256	2680	1039	242
2815	1024	256	2928	1026	240
3071	1024	256	3173	1011	237
3327	1024	256	3416	997	235
3583	1024	256	3654	988	235
3839	1024	256	3879	950	222
4095	1024	256	4095	892	199
0	1280	256	0	1379	255
256	1280	256	196	1378	234
512	1280	256	445	1377	224
768	1280	256	775	1376	229
1024	1280	256	1073	1374	231
1280	1280	256	1361	1371	231
1536	1280	256	1641	1364	231
1792	1280	256	1911	1353	232
2048	1280	256	2175	1340	232
2303	1280	256	2429	1326	233
2559	1280	256	2681	1313	233
2815	1280	256	2928	1300	234
3071	1280	256	3171	1289	235
3327	1280	256	3412	1279	237
3583	1280	256	3649	1270	238
3839	1280	256	3876	1237	220
4095	1280	256	4095	1186	189
0	1536	256	0	1648	240
256	1536	256	154	1649	221
512	1536	256	388	1649	210
768	1536	256	741	1648	213
1024	1536	256	1049	1647	214
1280	1536	256	1343	1645	214
1536	1536	256	1628	1641	215
1792	1536	256	1903	1631	216
2048	1536	256	2171	1616	216
2303	1536	256	2426	1600	217
2559	1536	256	2680	1584	218
2815	1536	256	2929	1569	220
3071	1536	256	3174	1554	221
3327	1536	256	3416	1541	223
3583	1536	256	3655	1529	225
3839	1536	256	3879	1500	206
4095	1536	256	4095	1459	174
0	1792	256	0	1911	224
256	1792	256	95	1913	204
512	1792	256	306	1914	192
768	1792	256	693	1913	191
1024	1792	256	1013	1912	191
1280	1792	256	1315	1911	191
1536	1792	256	1605	1909	192
1792	1792	256	1886	1902	193
2048	1792	256	2161	1892	193
2303	1792	256	2420	1874	195
2559	1792	256	2676	1855	197
2815	1792	256	2927	1837	198
3071	1792	256	3174	1821	201
3327	1792	256	3418	1804	203
3583	1792	256	3658	1789	205
3839	1792	256	3882	1763	185
4095	1792	256	4095	1729	150
0	2048	256	0	2170	205
256	2048	256	25	2173	187
512	2048	256	209	2174	173
768	2048	256	634	2174	165
1024	2048	256	971	2174	164
1280	2048	256	1281	2173	164
1536	2048	256	1574	2171	164
1792	2048	256	1862	2169	165
2048	2048	256	2148	2166	166
2303	2048	256	2410	2147	168
2559	2048	256	2670	2127	170
2815	2048	256	2924	2107	173
3071	2048	256	3173	2087	176
3327	2048	256	3419	2068	179
3583	2048	256	3661	2050	182
3839	2048	256	3884	2026	160
4095	2048	256	4095	1996	122
0	2303	256	0	2422	182
256	2303	256	9	2424	163
512	2303	256	175	2426	147
768	2303	256	574	2427	132
1024	2303	256	917	2426	130
1280	2303	256	1240	2425	130
1536	2303	256	1537	2424	131
1792	2303	256	1828	2422	132
2048	2303	256	2115	2420	133
2303	2303	256	2389	2411	134
2559	2303	256	2657	2397	137
2815	2303	256	2914	2376	140
3071	2303	256	3165	2355	144
3327	2303	256	3413	2334	148
3583	2303	256	3657	2314	152
3839	2303	256	3882	2289	120
4095	2303	256	4095	2260	66
0	2559	256	0	2672	156
256	2559	256	0	2675	137
512	2559	256	146	2677	118
768	2559	256	512	2678	99
1024	2559	256	862	2677	95
1280	2559	256	1199	2676	95
1536	2559	256	1500	2675	95
1792	2559	256	1794	2674	96
2048	2559	256	2082	2672	97
2303	2559	256	2363	2669	99
2559	2559	256	2638	2661	101
2815	2559	256	2902	2644	104
3071	2559	256	3156	2623	109
3327	2559	256	3406	2601	113
3583	2559	256	3651	2579	118
3839	2559	256	3879	2553	84
4095	2559	256	4095	2524	24
0	2815	256	0	2919	124
256	2815	256	0	2922	104
512	2815	256	128	2924	85
768	2815	256	447	2924	65
1024	2815	256	803	2924	59
1280	2815	256	1156	2924	57
1536	2815	256	1462	2923	57
1792	2815	256	1759	2922	58
2048	2815	256	2048	2920	59
2303	2815	256	2329	2918	61
2559	2815	256	2609	2914	62
2815	2815	256	2885	2909	64
3071	2815	256	3143	2890	69
3327	2815	256	3396	2868	74
3583	2815	256	3643	2845	80
3839	2815	256	3874	2818	53
4095	2815	256	4095	2787	4
0	3071	256	0	3162	84
256	3071	256	0	3165	65
512	3071	256	103	3167	48
768	3071	256	359	3168	31
1024	3071	256	728	3168	26
1280	3071	256	1108	3167	24
1536	3071	256	1421	3167	25
1792	3071	256	1722	3165	25
2048	3071	256	2013	3164	26
2303	3071	256	2295	3162	26
2559	3071	256	2575	3160	27
2815	3071	256	2853	3157	28
3071	3071	256	3121	3147	31
3327	3071	256	3383	3132	33
3583	3071	256	3631	3109	37
3839	3071	256	3866	3080	24
4095	3071	256	4092	3049	0
0	3327	256	0	3404	43
256	3327	256	0	3407	29
512	3327	256	71	3409	15
768	3327	256	248	3409	3
1024	3327	256	638	3409	0
1280	3327	256	1057	3409	0
1536	3327	256	1378	3409	0
1792	3327	256	1683	3408	0
2048	3327	256	1977	3406	0
2303	3327	256	2260	3405	0
2559	3327	256	2541	3403	0
2815	3327	256	2818	3400	0
3071	3327	256	3094	3398	0
3327	3327	256	3364	3392	0
3583	3327	256	3617	3370	2
3839	3327	256	3856	3342	2
4095	3327	256	4086	3309	0
0	3583	256	0	3643	12
256	3583	256	0	3645	8
512	3583	256	21	3647	4
768	3583	256	75	3648	1
1024	3583	256	509	3648	0
1280	3583	256	998	3647	0
1536	3583	256	1331	3647	0
1792	3583	256	1642	3646	0
2048	3583	256	1940	3645	0
2303	3583	256	2224	3644	0
2559	3583	256	2506	3643	0
2815	3583	256	2783	3640	0
3071	3583	256	3058	3638	0
3327	3583	256	3331	3634	0
3583	3583	256	3598	3626	1
3839	3583	256	3841	3601	0
4095	3583	256	4069	3562	0
0	3839	256	0	3872	0
256	3839	256	0	3873	0
512	3839	256	18	3874	0
768	3839	256	62	3875	2
1024	3839	256	508	3875	12
1280	3839	256	1006	3874	19
1536	3839	256	1323	3874	5
1792	3839	256	1626	3874	0
2048	3839	256	1920	3873	0
2303	3839	256	2201	3873	0
2559	3839	256	2483	3872	9
2815	3839	256	2764	3869	31
3071	3839	256	3033	3868	18
3327	3839	256	3300	3867	1
3583	3839	256	3572	3866	7
3839	3839	256	3821	3847	6
4095	3839	256	4056	3817	0
0	4095	256	0	4095	0
256	4095	256	0	4095	0
512	4095	256	45	4095	1
768	4095	256	158	4095	4
1024	4095	256	592	4094	31
1280	4095	256	1059	4094	50
1536	4095	256	1341	4094	14
1792	4095	256	1625	4095	0
2048	4095	256	1912	4095	0
2303	4095	256	2188	4094	0
2559	4095	256	2468	4093	23
2815	4095	256	2753	4092	82
3071	4095	256	3013	4092	47
3327	4095	256	3270	4093	3
3583	4095	256	3541	4094	18
3839	4095	256	3798	4086	15
4095	4095	256	4046	4073	0
0	0	512	25	35	554
256	0	512	271	18	538
512	0	512	525	6	528
768	0	512	791	1	527
1024	0	512	1074	0	534
1280	0	512	1359	0	541
1536	0	512	1632	0	540
1792	0	512	1899	0	537
2048	0	512	2162	0	532
2303	0	512	2417	0	526
2559	0	512	2671	0	520
2815	0	512	2922	0	515
3071	0	512	3168	0	509
3327	0	512	3413	0	503
3583	0	512	3655	0	497
3839	0	512	3881	0	492
4095	0	512	4095	0	486
0	256	512	35	295	561
256	256	512	271	273	542
512	256	512	523	257	529
768	256	512	800	250	523
1024	256	512	1092	246	528
1280	256	512	1382	241	533
1536	256	512	1654	232	530
1792	256	512	1919	221	526
2048	256	512	2180	210	521
2303	256	512	2433	198	516
2559	256	512	2685	186	511
2815	256	512	2933	172	506
3071	256	512	3178	158	501
3327	256	512	3421	143	497
3583	256	512	3662	125	492
3839	256	512	3885	74	482
4095	256	512	4095	0	467
0	512	512	31	556	559
256	512	512	259	534	536
512	512	512	510	517	521
768	512	512	798	509	514
1024	512	512	1098	507	519
1280	512	512	1395	505	524
1536	512	512	1667	491	521
1792	512	512	1931	475	517
2048	512	512	2191	459	513
2303	512	512	2442	442	509
2559	512	512	2693	423	504
2815	512	512	2941	403	499
3071	512	512	3186	379	494
3327	512	512	3429	355	489
3583	512	512	3669	330	485
3839	512	512	3888	252	471
4095	512	512	4095	138	450
0	768	512	5	820	544
256	768	512	230	804	516
512	768	512	483	791	499
768	768	512	778	783	499
1024	768	512	1086	792	507
1280	768	512	1390	801	515
1536	768	512	1665	790	513
1792	768	512	1930	778	510
2048	768	512	2191	766	508
2303	768	512	2441	754	506
2559	768	512	2692	739	502
2815	768	512	2943	719	494
3071	768	512	3191	694	486
3327	768	512	3437	670	479
3583	768	512	3676	654	476
3839	768	512	3892	586	460
4095	768	512	4095	484	436
0	1024	512	0	1100	534
256	1024	512	204	1092	505
512	1024	512	453	1086	488
768	1024	512	770	1081	490
1024	1024	512	1078	1085	495
1280	1024	512	1378	1088	499
1536	1024	512	1657	1078	498
1792	1024	512	1926	1066	497
2048	1024	512	2189	1053	495
2303	1024	512	2441	1040	494
2559	1024	512	2693	1025	491
2815	1024	512	2943	1008	486
3071	1024	512	3189	989	482
3327	1024	512	3432	971	478
3583	1024	512	3671	956	475
3839	1024	512	3890	901	456
4095	1024	512	4095	819	424
0	1280	512	0	1381	522
256	1280	512	174	1381	493
512	1280	512	415	1381	477
768	1280	512	758	1379	480
1024	1280	512	1066	1376	481
1280	1280	512	1362	1372	480
1536	1280	512	1646	1363	480
1792	1280	512	1919	1350	480
2048	1280	512	2185	1335	479
2303	1280	512	2439	1319	478
2559	1280	512	2692	1304	477
2815	1280	512	2942	1288	475
3071	1280	512	3185	1275	476
3327	1280	512	3426	1262	476
3583	1280	512	3667	1247	472
3839	1280	512	3888	1204	448
4095	1280	512	4095	1142	411
0	1536	512	0	1649	500
256	1536	512	124	1651	472
512	1536	512	347	1652	456
768	1536	512	719	1652	456
1024	1536	512	1037	1650	455
1280	1536	512	1338	1647	455
1536	1536	512	1629	1642	455
1792	1536	512	1907	1630	456
2048	1536	512	2177	1614	455
2303	1536	512	2434	1596	456
2559	1536	512	2689	1579	456
2815	1536	512	2939	1562	456
3071	1536	512	3184	1547	458
3327	1536	512	3427	1531	458
3583	1536	512	3672	1510	450
3839	1536	512	3892	1475	425
4095	1536	512	4095	1430	389
0	1792	512	0	1912	474
256	1792	512	65	1915	447
512	1792	512	265	1917	429
768	1792	512	668	1917	424
1024	1792	512	998	1916	422
1280	1792	512	1306	1914	420
1536	1792	512	1601	1911	421
1792	1792	512	1886	1903	422
2048	1792	512	2165	1891	422
2303	1792	512	2425	1872	423
2559	1792	512	2683	1853	424
2815	1792	512	2936	1834	426
3071	1792	512	3182	1816	429
3327	1792	512	3427	1798	430
3583	1792	512	3672	1777	426
3839	1792	512	3892	1747	399
4095	1792	512	4095	1710	357
0	2048	512	0	2171	446
256	2048	512	0	2174	420
512	2048	512	174	2177	400
768	2048	512	609	2178	388
1024	2048	512	952	2177	383
1280	2048	512	1268	2176	380
1536	2048	512	1566	2174	381
1792	2048	512	1859	2171	381
2048	2048	512	2148	2167	382
2303	2048	512	2414	2147	384
2559	2048	512	2676	2127	386
2815	2048	512	2931	2105	389
3071	2048	512	3180	2085	392
3327	2048	512	3427	2065	396
3583	2048	512	3669	2047	400
3839	2048	512	3889	2019	370
4095	2048	512	4095	1984	318
0	2303	512	0	2423	413
256	2303	512	0	2426	387
512	2303	512	158	2428	363
768	2303	512	552	2430	343
1024	2303	512	898	2430	336
1280	2303	512	1225	2429	333
1536	2303	512	1527	2427	333
1792	2303	512	1823	2424	334
2048	2303	512	2113	2421	335
2303	2303	512	2390	2412	337
2559	2303	512	2660	2397	340
2815	2303	512	2919	2376	343
3071	2303	512	3171	2354	347
3327	2303	512	3420	2332	352
3583	2303	512	3664	2312	356
3839	2303	512	3887	2284	315
4095	2303	512	4095	2251	242
0	2559	512	0	2673	374
256	2559	512	0	2676	348
512	2559	512	141	2678	323
768	2559	512	492	2680	298
1024	2559	512	842	2680	288
1280	2559	512	1182	2680	284
1536	2559	512	1489	2678	284
1792	2559	512	1786	2676	285
2048	2559	512	2077	2674	286
2303	2559	512	2361	2671	288
2559	2559	512	2638	2662	290
2815	2559	512	2904	2645	294
3071	2559	512	3160	2623	299
3327	2559	512	3411	2600	304
3583	2559	512	3657	2578	310
3839	2559	512	3883	2550	263
4095	2559	512	4095	2518	180
0	2815	512	0	2920	330
256	2815	512	0	2923	303
512	2815	512	122	2925	277
768	2815	512	428	2926	251
1024	2815	512	784	2927	240
1280	2815	512	1140	2927	233
1536	2815	512	1450	2925	232
1792	2815	512	1749	2924	233
2048	2815	512	2042	2922	234
2303	2815	512	2326	2920	236
2559	2815	512	2607	2916	238
2815	2815	512	2885	2910	240
3071	2815	512	3145	2891	246
3327	2815	512	3399	2868	252
3583	2815	512	3647	2845	258
3839	2815	512	3877	2816	216
4095	2815	512	4095	2784	140
0	3071	512	0	3164	274
256	3071	512	0	3166	250
512	3071	512	97	3168	226
768	3071	512	341	3169	203
1024	3071	512	709	3170	194
1280	3071	512	1092	3170	189
1536	3071	512	1408	3169	186
1792	3071	512	1711	3168	186
2048	3071	512	2006	3166	187
2303	3071	512	2290	3164	187
2559	3071	512	2573	3162	189
2815	3071	512	2852	3159	190
3071	3071	512	3121	3148	193
3327	3071	512	3384	3133	196
3583	3071	512	3634	3109	201
3839	3071	512	3869	3081	158
4095	3071	512	4095	3050	84
0	3327	512	0	3406	218
256	3327	512	0	3408	199
512	3327	512	67	3410	180
768	3327	512	233	3411	163
1024	3327	512	622	3411	156
1280	3327	512	1042	3412	153
1536	3327	512	1365	3411	149
1792	3327	512	1673	3410	148
2048	3327	512	1970	3409	148
2303	3327	512	2254	3407	148
2559	3327	512	2537	3405	148
2815	3327	512	2816	3402	149
3071	3327	512	3093	3399	149
3327	3327	512	3365	3392	149
3583	3327	512	3619	3371	151
3839	3327	512	3860	3345	107
4095	3327	512	4093	3315	31
0	3583	512	0	3645	173
256	3583	512	0	3646	166
512	3583	512	19	3647	160
768	3583	512	67	3649	153
1024	3583	512	498	3650	149
1280	3583	512	985	3650	145
1536	3583	512	1318	3650	141
1792	3583	512	1632	3649	139
2048	3583	512	1933	3648	140
2303	3583	512	2218	3646	140
2559	3583	512	2502	3645	140
2815	3583	512	2781	3642	140
3071	3583	512	3057	3640	140
3327	3583	512	3331	3636	141
3583	3583	512	3598	3627	141
3839	3583	512	3846	3605	92
4095	3583	512	4080	3573	9
0	3839	512	0	3874	152
256	3839	512	0	3874	152
512	3839	512	28	3875	153
768	3839	512	97	3876	156
1024	3839	512	528	3876	168
1280	3839	512	1009	3876	176
1536	3839	512	1326	3876	157
1792	3839	512	1630	3876	150
2048	3839	512	1925	3875	150
2303	3839	512	2206	3875	151
2559	3839	512	2487	3874	162
2815	3839	512	2767	3872	189
3071	3839	512	3037	3871	173
3327	3839	512	3305	3869	154
3583	3839	512	3576	3867	161
3839	3839	512	3829	3853	126
4095	3839	512	4071	3830	64
0	4095	512	0	4095	146
256	4095	512	0	4095	149
512	4095	512	73	4095	155
768	4095	512	257	4095	166
1024	4095	512	662	4095	205
1280	4095	512	1087	4095	233
1536	4095	512	1371	4095	190
1792	4095	512	1654	4095	174
2048	4095	512	1938	4095	174
2303	4095	512	2209	4095	175
2559	4095	512	2485	4095	204
2815	4095	512	2768	4095	276
3071	4095	512	3027	4095	234
3327	4095	512	3284	4095	182
3583	4095	512	3552	4095	200
3839	4095	512	3811	4092	194
4095	4095	512	4064	4087	171
0	0	768	4	29	810
256	0	768	268	21	807
512	0	768	531	12	802
768	0	768	791	2	793
1024	0	768	1075	0	803
1280	0	768	1360	0	815
1536	0	768	1633	0	813
1792	0	768	1900	0	809
2048	0	768	2163	0	803
2303	0	768	2418	0	796
2559	0	768	2673	0	789
2815	0	768	2923	0	781
3071	0	768	3169	0	773
3327	0	768	3413	0	765
3583	0	768	3655	0	758
3839	0	768	3880	0	751
4095	0	768	4095	0	744
0	256	768	6	291	823
256	256	768	259	274	826
512	256	768	523	260	822
768	256	768	801	250	806
1024	256	768	1093	245	810
1280	256	768	1383	240	817
1536	256	768	1655	231	811
1792	256	768	1920	220	805
2048	256	768	2181	209	797
2303	256	768	2434	197	789
2559	256	768	2686	184	782
2815	256	768	2935	171	775
3071	256	768	3179	157	767
3327	256	768	3421	142	760
3583	256	768	3662	124	754
3839	256	768	3885	73	742
4095	256	768	4095	0	727
0	512	768	5	552	826
256	512	768	246	534	828
512	512	768	507	518	821
768	512	768	796	506	802
1024	512	768	1100	503	806
1280	512	768	1400	501	813
1536	512	768	1672	486	805
1792	512	768	1936	470	797
2048	512	768	2196	453	789
2303	512	768	2447	435	782
2559	512	768	2698	416	774
2815	512	768	2945	397	767
3071	512	768	3188	375	760
3327	512	768	3429	353	754
3583	512	768	3669	329	748
3839	512	768	3889	252	733
4095	512	768	4095	139	712
0	768	768	1	814	814
256	768	768	227	803	804
512	768	768	479	789	792
768	768	768	769	772	774
1024	768	768	1090	781	786
1280	768	768	1407	791	799
1536	768	768	1680	779	793
1792	768	768	1945	764	786
2048	768	768	2205	750	778
2303	768	768	2456	735	772
2559	768	768	2705	720	765
2815	768	768	2952	703	758
3071	768	768	3196	686	752
3327	768	768	3438	669	746
3583	768	768	3676	653	740
3839	768	768	3893	587	724
4095	768	768	4095	487	700
0	1024	768	0	1096	812
256	1024	768	203	1092	797
512	1024	768	448	1086	782
768	1024	768	756	1077	768
1024	1024	768	1076	1081	772
1280	1024	768	1390	1083	779
1536	1024	768	1670	1070	775
1792	1024	768	1940	1056	770
2048	1024	768	2203	1040	764
2303	1024	768	2456	1024	759
2559	1024	768	2708	1007	752
2815	1024	768	2959	987	743
3071	1024	768	3203	971	737
3327	1024	768	3445	954	732
3583	1024	768	3689	930	722
3839	1024	768	3902	884	708
4095	1024	768	4095	821	691
0	1280	768	0	1380	808
256	1280	768	173	1381	790
512	1280	768	409	1382	775
768	1280	768	741	1384	763
1024	1280	768	1057	1379	759
1280	1280	768	1365	1372	757
1536	1280	768	1654	1360	755
1792	1280	768	1930	1345	752
2048	1280	768	2197	1327	749
2303	1280	768	2453	1310	744
2559	1280	768	2708	1290	737
2815	1280	768	2963	1266	727
3071	1280	768	3207	1250	723
3327	1280	768	3450	1231	718
3583	1280	768	3701	1197	701
3839	1280	768	3912	1169	689
4095	1280	768	4095	1144	682
0	1536	768	0	1649	789
256	1536	768	124	1651	770
512	1536	768	342	1653	754
768	1536	768	702	1655	742
1024	1536	768	1024	1653	737
1280	1536	768	1335	1649	734
1536	1536	768	1631	1642	734
1792	1536	768	1913	1628	731
2048	1536	768	2186	1610	728
2303	1536	768	2444	1591	725
2559	1536	768	2701	1571	722
2815	1536	768	2952	1551	718
3071	1536	768	3197	1534	717
3327	1536	768	3443	1514	711
3583	1536	768	3706	1471	676
3839	1536	768	3918	1446	664
4095	1536	768	4095	1431	668
0	1792	768	0	1913	766
256	1792	768	65	1915	748
512	1792	768	261	1917	732
768	1792	768	655	1919	720
1024	1792	768	985	1919	712
1280	1792	768	1297	1917	706
1536	1792	768	1599	1913	706
1792	1792	768	1888	1903	705
2048	1792	768	2170	1890	703
2303	1792	768	2432	1869	701
2559	1792	768	2691	1849	699
2815	1792	768	2944	1829	698
3071	1792	768	3191	1811	698
3327	1792	768	3438	1789	694
3583	1792	768	3696	1754	669
3839	1792	768	3910	1729	655
4095	1792	768	4095	1711	649
0	2048	768	0	2172	742
256	2048	768	0	2175	724
512	2048	768	172	2177	709
768	2048	768	603	2179	697
1024	2048	768	942	2180	685
1280	2048	768	1256	2180	674
1536	2048	768	1560	2177	674
1792	2048	768	1858	2173	675
2048	2048	768	2151	2168	675
2303	2048	768	2418	2147	673
2559	2048	768	2681	2125	671
2815	2048	768	2938	2102	670
3071	2048	768	3188	2081	670
3327	2048	768	3435	2060	670
3583	2048	768	3676	2042	672
3839	2048	768	3894	2016	655
4095	2048	768	4095	1985	626
0	2303	768	0	2423	715
256	2303	768	0	2426	699
512	2303	768	158	2429	684
768	2303	768	554	2430	672
1024	2303	768	891	2432	656
1280	2303	768	1211	2432	643
1536	2303	768	1519	2430	643
1792	2303	768	1818	2427	643
2048	2303	768	2112	2423	643
2303	2303	768	2391	2412	643
2559	2303	768	2664	2397	642
2815	2303	768	2924	2374	641
3071	2303	768	3177	2351	641
3327	2303	768	3426	2329	641
3583	2303	768	3671	2308	641
3839	2303	768	3891	2282	621
4095	2303	768	4095	2252	586
0	2559	768	0	2673	688
256	2559	768	0	2676	672
512	2559	768	143	2679	658
768	2559	768	499	2680	645
1024	2559	768	838	2682	629
1280	2559	768	1168	2683	614
1536	2559	768	1478	2681	612
1792	2559	768	1779	2679	612
2048	2559	768	2074	2676	612
2303	2559	768	2360	2672	613
2559	2559	768	2640	2662	613
2815	2559	768	2907	2645	612
3071	2559	768	3164	2622	612
3327	2559	768	3416	2598	611
3583	2559	768	3663	2575	612
3839	2559	768	3887	2549	584
4095	2559	768	4095	2519	537
0	2815	768	0	2920	658
256	2815	768	0	2923	644
512	2815	768	125	2925	630
768	2815	768	436	2927	618
1024	2815	768	782	2928	603
1280	2815	768	1128	2929	589
1536	2815	768	1439	2928	583
1792	2815	768	1741	2927	581
2048	2815	768	2037	2924	581
2303	2815	768	2323	2921	582
2559	2815	768	2607	2917	583
2815	2815	768	2886	2911	583
3071	2815	768	3148	2891	583
3327	2815	768	3403	2868	583
3583	2815	768	3651	2843	584
3839	2815	768	3880	2815	542
4095	2815	768	4095	2784	473
0	3071	768	0	3164	625
256	3071	768	0	3167	612
512	3071	768	100	3169	600
768	3071	768	350	3170	589
1024	3071	768	710	3171	575
1280	3071	768	1082	3172	562
1536	3071	768	1397	3172	552
1792	3071	768	1701	3170	549
2048	3071	768	2000	3169	549
2303	3071	768	2286	3166	550
2559	3071	768	2570	3163	551
2815	3071	768	2852	3160	551
3071	3071	768	3122	3148	552
3327	3071	768	3386	3133	552
3583	3071	768	3637	3109	553
3839	3071	768	3872	3081	455
4095	3071	768	4095	3049	293
0	3327	768	0	3406	591
256	3327	768	0	3409	580
512	3327	768	69	3410	569
768	3327	768	243	3411	560
1024	3327	768	624	3412	547
1280	3327	768	1034	3413	534
1536	3327	768	1353	3413	522
1792	3327	768	1661	3413	517
2048	3327	768	1962	3411	518
2303	3327	768	2248	3409	518
2559	3327	768	2534	3407	519
2815	3327	768	2815	3404	519
3071	3327	768	3093	3400	520
3327	3327	768	3365	3393	521
3583	3327	768	3621	3372	521
3839	3327	768	3863	3346	367
4095	3327	768	4095	3315	109
0	3583	768	0	3646	557
256	3583	768	0	3647	549
512	3583	768	21	3649	542
768	3583	768	72	3649	534
1024	3583	768	498	3650	522
1280	3583	768	979	3651	508
1536	3583	768	1305	3652	493
1792	3583	768	1619	3651	488
2048	3583	768	1923	3650	488
2303	3583	768	2211	3648	489
2559	3583	768	2497	3647	489
2815	3583	768	2778	3644	490
3071	3583	768	3056	3641	491
3327	3583	768	3331	3637	492
3583	3583	768	3599	3628	493
3839	3583	768	3851	3610	320
4095	3583	768	4092	3584	31
0	3839	768	0	3874	531
256	3839	768	0	3875	531
512	3839	768	29	3876	533
768	3839	768	102	3876	538
1024	3839	768	533	3877	541
1280	3839	768	1012	3877	541
1536	3839	768	1328	3878	529
1792	3839	768	1632	3877	525
2048	3839	768	1929	3877	526
2303	3839	768	2210	3876	528
2559	3839	768	2491	3875	531
2815	3839	768	2768	3873	537
3071	3839	768	3040	3872	536
3327	3839	768	3311	3870	534
3583	3839	768	3580	3867	536
3839	3839	768	3836	3856	420
4095	3839	768	4083	3839	224
0	4095	768	0	4095	510
256	4095	768	0	4095	521
512	4095	768	76	4095	538
768	4095	768	266	4095	562
1024	4095	768	674	4095	591
1280	4095	768	1103	4095	614
1536	4095	768	1398	4095	608
1792	4095	768	1684	4095	608
2048	4095	768	1963	4095	610
2303	4095	768	2234	4095	612
2559	4095	768	2504	4095	620
2815	4095	768	2774	4095	635
3071	4095	768	3038	4095	631
3327	4095	768	3300	4095	624
3583	4095	768	3563	4095	628
3839	4095	768	3819	4091	618
4095	4095	768	4070	4085	599
0	0	1024	0	19	1083
256	0	1024	268	12	1079
512	0	1024	535	6	1075
768	0	1024	801	1	1073
1024	0	1024	1080	0	1081
1280	0	1024	1361	0	1089
1536	0	1024	1634	0	1087
1792	0	1024	1900	0	1083
2048	0	1024	2164	0	1076
2303	0	1024	2419	0	1067
2559	0	1024	2673	0	1058
2815	0	1024	2923	0	1048
3071	0	1024	3169	0	1039
3327	0	1024	3414	0	1030
3583	0	1024	3656	0	1021
3839	0	1024	3881	0	1013
4095	0	1024	4095	0	1004
0	256	1024	0	285	1099
256	256	1024	251	271	1112
512	256	1024	517	259	1115
768	256	1024	807	251	1102
1024	256	1024	1096	245	1101
1280	256	1024	1382	238	1101
1536	256	1024	1654	229	1093
1792	256	1024	1920	218	1084
2048	256	1024	2181	208	1074
2303	256	1024	2435	196	1064
2559	256	1024	2686	183	1054
2815	256	1024	2935	170	1044
3071	256	1024	3179	155	1035
3327	256	1024	3422	140	1026
3583	256	1024	3663	123	1018
3839	256	1024	3885	72	1005
4095	256	1024	4095	0	989
0	512	1024	0	551	1107
256	512	1024	234	536	1125
512	512	1024	497	522	1130
768	512	1024	802	511	1116
1024	512	1024	1103	505	1110
1280	512	1024	1398	497	1106
1536	512	1024	1671	483	1094
1792	512	1024	1936	467	1082
2048	512	1024	2196	450	1070
2303	512	1024	2448	432	1059
2559	512	1024	2698	413	1048
2815	512	1024	2945	394	1038
3071	512	1024	3188	373	1029
3327	512	1024	3430	351	1021
3583	512	1024	3670	327	1013
3839	512	1024	3889	250	997
4095	512	1024	4095	140	976
0	768	1024	0	820	1101
256	768	1024	219	812	1108
512	768	1024	473	802	1110
768	768	1024	780	789	1105
1024	768	1024	1096	788	1104
1280	768	1024	1406	787	1101
1536	768	1024	1681	774	1088
1792	768	1024	1947	760	1075
2048	768	1024	2207	745	1062
2303	768	1024	2458	730	1051
2559	768	1024	2708	715	1041
2815	768	1024	2954	699	1031
3071	768	1024	3197	684	1022
3327	768	1024	3438	668	1014
3583	768	1024	3677	652	1007
3839	768	1024	3893	587	989
4095	768	1024	4095	489	966
0	1024	1024	0	1098	1098
256	1024	1024	194	1096	1098
512	1024	1024	438	1092	1095
768	1024	1024	758	1087	1089
1024	1024	1024	1078	1084	1087
1280	1024	1024	1391	1080	1082
1536	1024	1024	1676	1065	1070
1792	1024	1024	1948	1049	1058
2048	1024	1024	2211	1033	1047
2303	1024	1024	2463	1016	1037
2559	1024	1024	2715	999	1027
2815	1024	1024	2963	982	1016
3071	1024	1024	3206	966	1008
3327	1024	1024	3448	950	1000
3583	1024	1024	3692	926	988
3839	1024	1024	3904	882	974
4095	1024	1024	4095	823	959
0	1280	1024	0	1378	1093
256	1280	1024	162	1380	1086
512	1280	1024	394	1381	1079
768	1280	1024	732	1383	1071
1024	1280	1024	1053	1378	1065
1280	1280	1024	1366	1370	1058
1536	1280	1024	1663	1354	1048
1792	1280	1024	1942	1337	1039
2048	1280	1024	2210	1318	1030
2303	1280	1024	2465	1300	1021
2559	1280	1024	2718	1280	1012
2815	1280	1024	2970	1259	999
3071	1280	1024	3214	1242	992
3327	1280	1024	3458	1222	984
3583	1280	1024	3708	1189	966
3839	1280	1024	3915	1165	957
4095	1280	1024	4095	1146	952
0	1536	1024	0	1648	1075
256	1536	1024	110	1651	1065
512	1536	1024	323	1653	1055
768	1536	1024	692	1655	1045
1024	1536	1024	1016	1654	1035
1280	1536	1024	1328	1650	1027
1536	1536	1024	1633	1641	1021
1792	1536	1024	1921	1625	1014
2048	1536	1024	2197	1604	1007
2303	1536	1024	2456	1583	1001
2559	1536	1024	2713	1562	993
2815	1536	1024	2968	1539	982
3071	1536	1024	3216	1518	974
3327	1536	1024	3464	1495	964
3583	1536	1024	3717	1460	940
3839	1536	1024	3922	1441	934
4095	1536	1024	4095	1433	941
0	1792	1024	0	1912	1053
256	1792	1024	55	1915	1041
512	1792	1024	248	1918	1030
768	1792	1024	646	1920	1020
1024	1792	1024	977	1921	1008
1280	1792	1024	1289	1919	997
1536	1792	1024	1596	1914	991
1792	1792	1024	1891	1903	987
2048	1792	1024	2177	1887	982
2303	1792	1024	2441	1865	977
2559	1792	1024	2703	1842	971
2815	1792	1024	2959	1819	963
3071	1792	1024	3209	1796	957
3327	1792	1024	3458	1772	948
3583	1792	1024	3712	1740	927
3839	1792	1024	3919	1722	921
4095	1792	1024	4095	1712	927
0	2048	1024	0	2172	1029
256	2048	1024	0	2175	1017
512	2048	1024	171	2178	1005
768	2048	1024	597	2180	995
1024	2048	1024	935	2181	981
1280	2048	1024	1249	2181	968
1536	2048	1024	1554	2179	960
1792	2048	1024	1855	2174	957
2048	2048	1024	2154	2168	956
2303	2048	1024	2424	2145	951
2559	2048	1024	2689	2121	946
2815	2048	1024	2947	2098	943
3071	2048	1024	3197	2076	941
3327	2048	1024	3445	2053	936
3583	2048	1024	3696	2027	922
3839	2048	1024	3908	2005	914
4095	2048	1024	4095	1986	910
0	2303	1024	0	2423	1003
256	2303	1024	0	2426	992
512	2303	1024	157	2429	981
768	2303	1024	550	2431	972
1024	2303	1024	887	2433	957
1280	2303	1024	1206	2433	942
1536	2303	1024	1511	2432	932
1792	2303	1024	1813	2429	928
2048	2303	1024	2112	2424	928
2303	2303	1024	2394	2412	925
2559	2303	1024	2669	2396	922
2815	2303	1024	2931	2372	918
3071	2303	1024	3185	2348	915
3327	2303	1024	3436	2324	910
3583	2303	1024	3686	2298	897
3839	2303	1024	3902	2274	889
4095	2303	1024	4095	2253	884
0	2559	1024	0	2673	977
256	2559	1024	0	2676	967
512	2559	1024	142	2679	957
768	2559	1024	496	2681	948
1024	2559	1024	835	2682	933
1280	2559	1024	1164	2684	918
1536	2559	1024	1470	2683	906
1792	2559	1024	1771	2681	901
2048	2559	1024	2070	2678	900
2303	2559	1024	2360	2673	900
2559	2559	1024	2642	2663	898
2815	2559	1024	2912	2644	895
3071	2559	1024	3170	2620	891
3327	2559	1024	3424	2595	886
3583	2559	1024	3674	2569	877
3839	2559	1024	3895	2544	863
4095	2559	1024	4095	2520	846
0	2815	1024	0	2921	951
256	2815	1024	0	2923	942
512	2815	1024	124	2926	933
768	2815	1024	433	2927	924
1024	2815	1024	778	2929	911
1280	2815	1024	1123	2930	896
1536	2815	1024	1430	2930	883
1792	2815	1024	1731	2929	877
2048	2815	1024	2030	2927	874
2303	2815	1024	2319	2923	874
2559	2815	1024	2606	2918	874
2815	2815	1024	2888	2911	874
3071	2815	1024	3151	2890	871
3327	2815	1024	3408	2866	867
3583	2815	1024	3658	2840	863
3839	2815	1024	3884	2813	835
4095	2815	1024	4095	2785	793
0	3071	1024	0	3164	924
256	3071	1024	0	3167	916
512	3071	1024	99	3169	907
768	3071	1024	346	3170	900
1024	3071	1024	705	3172	887
1280	3071	1024	1077	3173	873
1536	3071	1024	1388	3173	859
1792	3071	1024	1692	3173	851
2048	3071	1024	1991	3171	847
2303	3071	1024	2280	3168	847
2559	3071	1024	2568	3165	847
2815	3071	1024	2852	3161	848
3071	3071	1024	3124	3149	847
3327	3071	1024	3390	3133	845
3583	3071	1024	3642	3108	842
3839	3071	1024	3875	3080	769
4095	3071	1024	4095	3049	650
0	3327	1024	0	3407	897
256	3327	1024	0	3409	889
512	3327	1024	68	3410	882
768	3327	1024	239	3411	875
1024	3327	1024	619	3413	862
1280	3327	1024	1028	3414	848
1536	3327	1024	1345	3415	834
1792	3327	1024	1651	3415	825
2048	3327	1024	1951	3414	819
2303	3327	1024	2241	3411	820
2559	3327	1024	2529	3409	820
2815	3327	1024	2812	3406	820
3071	3327	1024	3092	3401	821
3327	3327	1024	3367	3394	821
3583	3327	1024	3624	3372	819
3839	3327	1024	3865	3346	695
4095	3327	1024	4095	3315	490
0	3583	1024	0	3646	868
256	3583	1024	0	3648	862
512	3583	1024	20	3649	855
768	3583	1024	70	3650	848
1024	3583	1024	495	3651	836
1280	3583	1024	974	3652	822
1536	3583	1024	1298	3653	807
1792	3583	1024	1609	3653	796
2048	3583	1024	1911	3653	790
2303	3583	1024	2202	3651	790
2559	3583	1024	2491	3649	790
2815	3583	1024	2774	3646	791
3071	3583	1024	3054	3643	792
3327	3583	1024	3331	3638	792
3583	3583	1024	3600	3629	792
3839	3583	1024	3853	3611	630
4095	3583	1024	4095	3586	359
0	3839	1024	0	3874	844
256	3839	1024	0	3875	845
512	3839	1024	31	3876	847
768	3839	1024	108	3876	851
1024	3839	1024	536	3877	852
1280	3839	1024	1011	3878	850
1536	3839	1024	1327	3878	841
1792	3839	1024	1629	3879	835
2048	3839	1024	1923	3878	831
2303	3839	1024	2206	3877	832
2559	3839	1024	2488	3876	833
2815	3839	1024	2765	3874	835
3071	3839	1024	3039	3873	836
3327	3839	1024	3312	3870	838
3583	3839	1024	3582	3868	839
3839	3839	1024	3838	3857	725
4095	3839	1024	4086	3840	533
0	4095	1024	0	4095	824
256	4095	1024	0	4095	835
512	4095	1024	81	4095	851
768	4095	1024	284	4095	874
1024	4095	1024	688	4095	897
1280	4095	1024	1110	4095	915
1536	4095	1024	1406	4095	916
1792	4095	1024	1691	4095	918
2048	4095	1024	1970	4095	920
2303	4095	1024	2240	4095	922
2559	4095	1024	2509	4095	925
2815	4095	1024	2776	4095	928
3071	4095	1024	3041	4095	931
3327	4095	1024	3305	4095	933
3583	4095	1024	3567	4095	936
3839	4095	1024	3821	4090	928
4095	4095	1024	4071	4083	913
0	0	1280	0	8	1360
256	0	1280	268	3	1351
512	0	1280	537	0	1348
768	0	1280	809	0	1354
1024	0	1280	1085	0	1358
1280	0	1280	1361	0	1362
1536	0	1280	1634	0	1361
1792	0	1280	1901	0	1356
2048	0	1280	2164	0	1348
2303	0	1280	2419	0	1338
2559	0	1280	2673	0	1327
2815	0	1280	2922	0	1316
3071	0	1280	3169	0	1305
3327	0	1280	3415	0	1295
3583	0	1280	3658	0	1285
3839	0	1280	3882	0	1275
4095	0	1280	4095	0	1265
0	256	1280	0	278	1379
256	256	1280	241	266	1397
512	256	1280	507	256	1405
768	256	1280	810	250	1397
1024	256	1280	1098	244	1390
1280	256	1280	1379	236	1383
1536	256	1280	1653	227	1374
1792	256	1280	1919	217	1363
2048	256	1280	2181	206	1351
2303	256	1280	2434	194	1338
2559	256	1280	2686	181	1326
2815	256	1280	2934	168	1314
3071	256	1280	3179	154	1303
3327	256	1280	3424	138	1292
3583	256	1280	3664	121	1282
3839	256	1280	3886	71	1268
4095	256	1280	4095	0	1251
0	512	1280	0	550	1389
256	512	1280	220	536	1420
512	512	1280	481	525	1435
768	512	1280	805	516	1427
1024	512	1280	1104	506	1413
1280	512	1280	1393	494	1397
1536	512	1280	1668	480	1383
1792	512	1280	1935	464	1367
2048	512	1280	2195	448	1351
2303	512	1280	2447	430	1337
2559	512	1280	2698	411	1323
2815	512	1280	2945	392	1311
3071	512	1280	3189	371	1299
3327	512	1280	3431	349	1288
3583	512	1280	3671	324	1278
3839	512	1280	3890	249	1261
4095	512	1280	4095	140	1240
0	768	1280	0	825	1388
256	768	1280	207	820	1409
512	768	1280	462	814	1426
768	768	1280	788	806	1437
1024	768	1280	1098	796	1424
1280	768	1280	1399	784	1404
1536	768	1280	1678	772	1385
1792	768	1280	1945	758	1366
2048	768	1280	2206	743	1348
2303	768	1280	2458	728	1333
2559	768	1280	2708	713	1319
2815	768	1280	2954	698	1306
3071	768	1280	3197	682	1294
3327	768	1280	3438	667	1283
3583	768	1280	3677	651	1273
3839	768	1280	3893	587	1255
4095	768	1280	4095	491	1233
0	1024	1280	0	1100	1384
256	1024	1280	181	1100	1396
512	1024	1280	424	1098	1406
768	1024	1280	758	1095	1414
1024	1024	1280	1077	1086	1405
1280	1024	1280	1387	1076	1390
1536	1024	1280	1678	1060	1371
1792	1024	1280	1952	1044	1353
2048	1024	1280	2216	1027	1335
2303	1024	1280	2467	1011	1321
2559	1024	1280	2718	996	1307
2815	1024	1280	2964	980	1294
3071	1024	1280	3206	965	1283
3327	1024	1280	3448	949	1272
3583	1024	1280	3692	926	1259
3839	1024	1280	3904	883	1244
4095	1024	1280	4095	825	1227
0	1280	1280	0	1375	1377
256	1280	1280	147	1377	1380
512	1280	1280	375	1379	1382
768	1280	1280	724	1380	1382
1024	1280	1280	1048	1375	1376
1280	1280	1280	1364	1366	1367
1536	1280	1280	1668	1347	1349
1792	1280	1280	1951	1328	1332
2048	1280	1280	2220	1310	1317
2303	1280	1280	2474	1291	1304
2559	1280	1280	2726	1273	1291
2815	1280	1280	2973	1256	1279
3071	1280	1280	3217	1239	1267
3327	1280	1280	3461	1219	1256
3583	1280	1280	3708	1189	1241
3839	1280	1280	3915	1166	1230
4095	1280	1280	4095	1147	1221
0	1536	1280	0	1646	1361
256	1536	1280	91	1650	1358
512	1536	1280	299	1652	1355
768	1536	1280	682	1654	1351
1024	1536	1280	1009	1653	1340
1280	1536	1280	1320	1649	1326
1536	1536	1280	1627	1631	1309
1792	1536	1280	1921	1614	1298
2048	1536	1280	2208	1597	1291
2303	1536	1280	2466	1576	1281
2559	1536	1280	2725	1553	1269
2815	1536	1280	2981	1529	1252
3071	1536	1280	3232	1504	1237
3327	1536	1280	3481	1479	1223
3583	1536	1280	3722	1456	1214
3839	1536	1280	3922	1442	1212
4095	1536	1280	4095	1434	1212
0	1792	1280	0	1911	1340
256	1792	1280	43	1915	1333
512	1792	1280	231	1918	1327
768	1792	1280	638	1920	1320
1024	1792	1280	969	1921	1307
1280	1792	1280	1280	1920	1292
1536	1792	1280	1587	1909	1276
1792	1792	1280	1888	1896	1268
2048	1792	1280	2186	1884	1265
2303	1792	1280	2451	1860	1256
2559	1792	1280	2715	1835	1245
2815	1792	1280	2974	1809	1231
3071	1792	1280	3227	1782	1219
3327	1792	1280	3478	1755	1206
3583	1792	1280	3723	1732	1192
3839	1792	1280	3923	1719	1192
4095	1792	1280	4095	1713	1201
0	2048	1280	0	2173	1316
256	2048	1280	0	2176	1307
512	2048	1280	169	2179	1298
768	2048	1280	591	2180	1291
1024	2048	1280	928	2182	1278
1280	2048	1280	1242	2183	1263
1536	2048	1280	1547	2181	1248
1792	2048	1280	1852	2176	1240
2048	2048	1280	2157	2169	1237
2303	2048	1280	2431	2143	1229
2559	2048	1280	2699	2117	1221
2815	2048	1280	2957	2092	1214
3071	2048	1280	3209	2069	1209
3327	2048	1280	3459	2044	1200
3583	2048	1280	3715	2012	1174
3839	2048	1280	3921	1995	1173
4095	2048	1280	4095	1987	1188
0	2303	1280	0	2424	1288
256	2303	1280	0	2427	1280
512	2303	1280	155	2429	1272
768	2303	1280	543	2432	1264
1024	2303	1280	882	2433	1252
1280	2303	1280	1203	2434	1238
1536	2303	1280	1504	2434	1219
1792	2303	1280	1807	2431	1210
2048	2303	1280	2111	2426	1207
2303	2303	1280	2397	2412	1203
2559	2303	1280	2675	2394	1198
2815	2303	1280	2939	2368	1191
3071	2303	1280	3194	2343	1184
3327	2303	1280	3447	2317	1175
3583	2303	1280	3702	2287	1152
3839	2303	1280	3913	2267	1152
4095	2303	1280	4095	2254	1168
0	2559	1280	0	2674	1261
256	2559	1280	0	2677	1253
512	2559	1280	140	2679	1246
768	2559	1280	489	2681	1238
1024	2559	1280	831	2683	1227
1280	2559	1280	1163	2684	1213
1536	2559	1280	1462	2686	1193
1792	2559	1280	1763	2684	1183
2048	2559	1280	2066	2680	1179
2303	2559	1280	2359	2675	1178
2559	2559	1280	2645	2663	1175
2815	2559	1280	2917	2642	1169
3071	2559	1280	3177	2617	1162
3327	2559	1280	3433	2591	1153
3583	2559	1280	3686	2563	1136
3839	2559	1280	3903	2540	1133
4095	2559	1280	4095	2521	1141
0	2815	1280	0	2921	1235
256	2815	1280	0	2923	1228
512	2815	1280	122	2926	1221
768	2815	1280	425	2928	1214
1024	2815	1280	773	2929	1203
1280	2815	1280	1120	2931	1190
1536	2815	1280	1422	2932	1171
1792	2815	1280	1722	2931	1160
2048	2815	1280	2022	2930	1153
2303	2815	1280	2315	2925	1152
2559	2815	1280	2606	2919	1151
2815	2815	1280	2891	2912	1150
3071	2815	1280	3156	2890	1144
3327	2815	1280	3414	2864	1137
3583	2815	1280	3666	2837	1129
3839	2815	1280	3890	2811	1118
4095	2815	1280	4095	2786	1105
0	3071	1280	0	3165	1209
256	3071	1280	0	3167	1203
512	3071	1280	96	3169	1196
768	3071	1280	337	3171	1190
1024	3071	1280	698	3172	1179
1280	3071	1280	1072	3174	1166
1536	3071	1280	1381	3175	1150
1792	3071	1280	1683	3175	1138
2048	3071	1280	1981	3174	1128
2303	3071	1280	2274	3171	1127
2559	3071	1280	2565	3167	1126
2815	3071	1280	2852	3162	1126
3071	3071	1280	3126	3149	1123
3327	3071	1280	3393	3132	1120
3583	3071	1280	3647	3106	1114
3839	3071	1280	3879	3079	1080
4095	3071	1280	4095	3050	1028
0	3327	1280	0	3407	1184
256	3327	1280	0	3409	1178
512	3327	1280	65	3411	1172
768	3327	1280	229	3412	1166
1024	3327	1280	611	3413	1156
1280	3327	1280	1023	3415	1143
1536	3327	1280	1338	3416	1129
1792	3327	1280	1643	3416	1115
2048	3327	1280	1940	3416	1103
2303	3327	1280	2233	3414	1102
2559	3327	1280	2523	3411	1101
2815	3327	1280	2810	3407	1101
3071	3327	1280	3092	3403	1101
3327	3327	1280	3369	3394	1100
3583	3327	1280	3628	3372	1096
3839	3327	1280	3868	3345	1029
4095	3327	1280	4095	3315	921
0	3583	1280	0	3646	1158
256	3583	1280	0	3648	1154
512	3583	1280	19	3649	1149
768	3583	1280	65	3650	1142
1024	3583	1280	490	3652	1132
1280	3583	1280	969	3653	1121
1536	3583	1280	1293	3654	1107
1792	3583	1280	1601	3655	1092
2048	3583	1280	1899	3655	1078
2303	3583	1280	2192	3653	1077
2559	3583	1280	2483	3651	1076
2815	3583	1280	2770	3648	1076
3071	3583	1280	3051	3644	1076
3327	3583	1280	3330	3639	1076
3583	3583	1280	3602	3629	1075
3839	3583	1280	3855	3611	948
4095	3583	1280	4095	3586	738
0	3839	1280	0	3874	1138
256	3839	1280	0	3875	1139
512	3839	1280	34	3876	1141
768	3839	1280	118	3877	1145
1024	3839	1280	541	3877	1145
1280	3839	1280	1010	3878	1142
1536	3839	1280	1325	3879	1134
1792	3839	1280	1626	3880	1125
2048	3839	1280	1916	3880	1116
2303	3839	1280	2201	3879	1116
2559	3839	1280	2484	3877	1116
2815	3839	1280	2763	3876	1117
3071	3839	1280	3038	3874	1118
3327	3839	1280	3312	3871	1119
3583	3839	1280	3583	3868	1121
3839	3839	1280	3839	3857	1021
4095	3839	1280	4085	3840	854
0	4095	1280	0	4095	1121
256	4095	1280	0	4095	1130
512	4095	1280	90	4095	1144
768	4095	1280	316	4095	1164
1024	4095	1280	709	4095	1180
1280	4095	1280	1115	4095	1193
1536	4095	1280	1409	4095	1194
1792	4095	1280	1694	4095	1195
2048	4095	1280	1972	4095	1196
2303	4095	1280	2242	4095	1198
2559	4095	1280	2511	4095	1200
2815	4095	1280	2777	4095	1202
3071	4095	1280	3042	4095	1205
3327	4095	1280	3306	4095	1208
3583	4095	1280	3568	4095	1211
3839	4095	1280	3822	4090	1196
4095	4095	1280	4069	4082	1169
0	0	1536	0	2	1638
256	0	1536	262	1	1624
512	0	1536	530	0	1618
768	0	1536	805	0	1624
1024	0	1536	1081	0	1628
1280	0	1536	1357	0	1632
1536	0	1536	1632	0	1634
1792	0	1536	1901	0	1629
2048	0	1536	2164	0	1621
2303	0	1536	2419	0	1609
2559	0	1536	2672	0	1596
2815	0	1536	2922	0	1584
3071	0	1536	3170	0	1572
3327	0	1536	3416	0	1560
3583	0	1536	3657	0	1548
3839	0	1536	3881	0	1536
4095	0	1536	4095	0	1524
0	256	1536	0	271	1655
256	256	1536	225	260	1672
512	256	1536	486	251	1679
768	256	1536	798	247	1671
1024	256	1536	1088	241	1664
1280	256	1536	1371	233	1658
1536	256	1536	1649	224	1653
1792	256	1536	1917	214	1642
2048	256	1536	2180	203	1627
2303	256	1536	2433	192	1613
2559	256	1536	2685	179	1598
2815	256	1536	2934	166	1584
3071	256	1536	3179	152	1571
3327	256	1536	3424	136	1559
3583	256	1536	3663	119	1546
3839	256	1536	3885	70	1531
4095	256	1536	4095	0	1514
0	512	1536	0	542	1664
256	512	1536	199	528	1697
512	512	1536	451	517	1713
768	512	1536	786	510	1705
1024	512	1536	1089	500	1693
1280	512	1536	1381	489	1679
1536	512	1536	1662	476	1667
1792	512	1536	1931	461	1651
2048	512	1536	2193	444	1632
2303	512	1536	2446	427	1615
2559	512	1536	2697	408	1599
2815	512	1536	2944	389	1583
3071	512	1536	3188	368	1569
3327	512	1536	3431	346	1556
3583	512	1536	3670	322	1544
3839	512	1536	3889	248	1527
4095	512	1536	4095	141	1507
0	768	1536	0	819	1664
256	768	1536	186	813	1689
512	768	1536	432	806	1709
768	768	1536	766	799	1721
1024	768	1536	1080	789	1710
1280	768	1536	1385	778	1694
1536	768	1536	1669	768	1676
1792	768	1536	1941	756	1656
2048	768	1536	2204	741	1634
2303	768	1536	2456	726	1615
2559	768	1536	2706	711	1597
2815	768	1536	2953	696	1581
3071	768	1536	3197	681	1566
3327	768	1536	3438	665	1553
3583	768	1536	3677	649	1540
3839	768	1536	3893	587	1522
4095	768	1536	4095	493	1501
0	1024	1536	0	1094	1661
256	1024	1536	161	1093	1679
512	1024	1536	395	1090	1693
768	1024	1536	740	1086	1704
1024	1024	1536	1060	1077	1703
1280	1024	1536	1371	1067	1695
1536	1024	1536	1669	1056	1675
1792	1024	1536	1947	1041	1653
2048	1024	1536	2213	1025	1628
2303	1024	1536	2466	1010	1608
2559	1024	1536	2716	994	1590
2815	1024	1536	2963	979	1573
3071	1024	1536	3206	964	1559
3327	1024	1536	3449	947	1544
3583	1024	1536	3694	921	1528
3839	1024	1536	3906	879	1512
4095	1024	1536	4095	827	1496
0	1280	1536	0	1370	1657
256	1280	1536	126	1371	1667
512	1280	1536	347	1371	1675
768	1280	1536	710	1371	1680
1024	1280	1536	1035	1365	1685
1280	1280	1536	1348	1355	1684
1536	1280	1536	1653	1336	1658
1792	1280	1536	1941	1320	1637
2048	1280	1536	2219	1307	1617
2303	1280	1536	2473	1289	1597
2559	1280	1536	2726	1271	1579
2815	1280	1536	2973	1254	1562
3071	1280	1536	3217	1238	1547
3327	1280	1536	3462	1217	1531
3583	1280	1536	3712	1182	1513
3839	1280	1536	3918	1161	1500
4095	1280	1536	4095	1148	1491
0	1536	1536	0	1645	1647
256	1536	1536	67	1647	1650
512	1536	1536	268	1649	1653
768	1536	1536	669	1650	1653
1024	1536	1536	1000	1649	1652
1280	1536	1536	1306	1637	1640
1536	1536	1536	1585	1589	1589
1792	1536	1536	1891	1578	1578
2048	1536	1536	2215	1591	1593
2303	1536	1536	2474	1569	1575
2559	1536	1536	2730	1548	1558
2815	1536	1536	2981	1527	1541
3071	1536	1536	3232	1502	1523
3327	1536	1536	3481	1477	1506
3583	1536	1536	3722	1454	1494
3839	1536	1536	3922	1441	1487
4095	1536	1536	4095	1435	1483
0	1792	1536	0	1911	1628
256	1792	1536	27	1915	1626
512	1792	1536	210	1917	1625
768	1792	1536	626	1919	1622
1024	1792	1536	961	1920	1616
1280	1792	1536	1269	1913	1601
1536	1792	1536	1551	1875	1557
1792	1792	1536	1863	1867	1548
2048	1792	1536	2194	1878	1562
2303	1792	1536	2461	1853	1547
2559	1792	1536	2724	1828	1532
2815	1792	1536	2979	1804	1517
3071	1792	1536	3234	1776	1499
3327	1792	1536	3486	1749	1483
3583	1792	1536	3724	1730	1474
3839	1792	1536	3923	1719	1471
4095	1792	1536	4095	1714	1474
0	2048	1536	0	2173	1602
256	2048	1536	0	2176	1598
512	2048	1536	166	2179	1593
768	2048	1536	582	2180	1588
1024	2048	1536	919	2182	1578
1280	2048	1536	1235	2183	1567
1536	2048	1536	1539	2182	1549
1792	2048	1536	1848	2177	1536
2048	2048	1536	2161	2168	1527
2303	2048	1536	2439	2139	1514
2559	2048	1536	2710	2111	1502
2815	2048	1536	2970	2084	1492
3071	2048	1536	3228	2056	1475
3327	2048	1536	3481	2028	1460
3583	2048	1536	3720	2009	1454
3839	2048	1536	3920	1996	1455
4095	2048	1536	4095	1988	1462
0	2303	1536	0	2424	1573
256	2303	1536	0	2427	1568
512	2303	1536	153	2430	1562
768	2303	1536	533	2432	1557
1024	2303	1536	872	2433	1547
1280	2303	1536	1195	2435	1535
1536	2303	1536	1497	2435	1517
1792	2303	1536	1802	2432	1503
2048	2303	1536	2109	2427	1491
2303	2303	1536	2400	2411	1485
2559	2303	1536	2682	2391	1477
2815	2303	1536	2948	2363	1466
3071	2303	1536	3207	2335	1454
3327	2303	1536	3462	2308	1441
3583	2303	1536	3710	2283	1428
3839	2303	1536	3916	2266	1432
4095	2303	1536	4095	2254	1445
0	2559	1536	0	2675	1545
256	2559	1536	0	2677	1539
512	2559	1536	137	2680	1533
768	2559	1536	478	2682	1527
1024	2559	1536	820	2684	1517
1280	2559	1536	1154	2685	1504
1536	2559	1536	1456	2686	1487
1792	2559	1536	1758	2685	1472
2048	2559	1536	2058	2683	1458
2303	2559	1536	2358	2676	1456
2559	2559	1536	2648	2663	1451
2815	2559	1536	2924	2640	1442
3071	2559	1536	3185	2614	1433
3327	2559	1536	3443	2586	1423
3583	2559	1536	3696	2558	1407
3839	2559	1536	3909	2537	1410
4095	2559	1536	4095	2521	1424
0	2815	1536	0	2923	1517
256	2815	1536	0	2924	1510
512	2815	1536	118	2926	1504
768	2815	1536	413	2928	1499
1024	2815	1536	761	2930	1489
1280	2815	1536	1112	2932	1477
1536	2815	1536	1417	2933	1461
1792	2815	1536	1716	2933	1445
2048	2815	1536	2012	2933	1428
2303	2815	1536	2310	2927	1427
2559	2815	1536	2605	2921	1425
2815	2815	1536	2894	2912	1422
3071	2815	1536	3161	2888	1415
3327	2815	1536	3422	2861	1404
3583	2815	1536	3676	2833	1392
3839	2815	1536	3896	2808	1390
4095	2815	1536	4095	2786	1397
0	3071	1536	0	3166	1489
256	3071	1536	0	3167	1484
512	3071	1536	92	3169	1478
768	3071	1536	321	3171	1473
1024	3071	1536	685	3173	1463
1280	3071	1536	1065	3175	1452
1536	3071	1536	1376	3176	1437
1792	3071	1536	1677	3176	1421
2048	3071	1536	1971	3177	1405
2303	3071	1536	2267	3173	1401
2559	3071	1536	2561	3169	1398
2815	3071	1536	2852	3163	1397
3071	3071	1536	3129	3149	1393
3327	3071	1536	3399	3131	1387
3583	3071	1536	3655	3104	1377
3839	3071	1536	3884	3077	1362
4095	3071	1536	4095	3051	1343
0	3327	1536	0	3407	1462
256	3327	1536	0	3409	1458
512	3327	1536	61	3411	1453
768	3327	1536	213	3413	1447
1024	3327	1536	598	3414	1438
1280	3327	1536	1016	3416	1427
1536	3327	1536	1334	3417	1414
1792	3327	1536	1637	3418	1399
2048	3327	1536	1931	3418	1383
2303	3327	1536	2224	3416	1376
2559	3327	1536	2517	3413	1372
2815	3327	1536	2807	3409	1371
3071	3327	1536	3092	3404	1371
3327	3327	1536	3371	3395	1369
3583	3327	1536	3632	3371	1362
3839	3327	1536	3871	3345	1318
4095	3327	1536	4095	3316	1249
0	3583	1536	0	3646	1437
256	3583	1536	0	3648	1433
512	3583	1536	17	3649	1428
768	3583	1536	61	3651	1423
1024	3583	1536	483	3652	1414
1280	3583	1536	962	3654	1403
1536	3583	1536	1289	3655	1391
1792	3583	1536	1597	3656	1376
2048	3583	1536	1892	3657	1360
2303	3583	1536	2183	3656	1351
2559	3583	1536	2475	3654	1346
2815	3583	1536	2765	3650	1346
3071	3583	1536	3049	3646	1345
3327	3583	1536	3331	3640	1345
3583	3583	1536	3604	3630	1343
3839	3583	1536	3857	3611	1223
4095	3583	1536	4095	3586	1025
0	3839	1536	0	3874	1417
256	3839	1536	0	3875	1419
512	3839	1536	42	3876	1422
768	3839	1536	147	3877	1426
1024	3839	1536	556	3878	1424
1280	3839	1536	1007	3879	1420
1536	3839	1536	1324	3880	1412
1792	3839	1536	1624	3880	1403
2048	3839	1536	1913	3881	1394
2303	3839	1536	2196	3880	1388
2559	3839	1536	2478	3879	1385
2815	3839	1536	2759	3877	1385
3071	3839	1536	3036	3875	1386
3327	3839	1536	3312	3872	1387
3583	3839	1536	3584	3869	1388
3839	3839	1536	3839	3858	1270
4095	3839	1536	4081	3841	1074
0	4095	1536	0	4094	1402
256	4095	1536	0	4095	1412
512	4095	1536	112	4095	1427
768	4095	1536	393	4095	1448
1024	4095	1536	754	4095	1457
1280	4095	1536	1118	4095	1462
1536	4095	1536	1413	4095	1463
1792	4095	1536	1697	4095	1464
2048	4095	1536	1974	4095	1464
2303	4095	1536	2244	4095	1466
2559	4095	1536	2513	4095	1468
2815	4095	1536	2779	4095	1469
3071	4095	1536	3043	4095	1471
3327	4095	1536	3307	4095	1473
3583	4095	1536	3569	4095	1476
3839	4095	1536	3818	4092	1413
4095	4095	1536	4058	4086	1305
0	0	1792	0	0	1909
256	0	1792	257	0	1893
512	0	1792	522	0	1885
768	0	1792	800	0	1890
1024	0	1792	1075	0	1894
1280	0	1792	1350	0	1897
1536	0	1792	1625	0	1900
1792	0	1792	1896	0	1898
2048	0	1792	2163	0	1892
2303	0	1792	2418	0	1880
2559	0	1792	2672	0	1866
2815	0	1792	2923	0	1852
3071	0	1792	3170	0	1839
3327	0	1792	3416	0	1825
3583	0	1792	3656	0	1811
3839	0	1792	3881	0	1798
4095	0	1792	4095	0	1785
0	256	1792	0	264	1926
256	256	1792	208	253	1941
512	256	1792	461	246	1947
768	256	1792	783	243	1938
1024	256	1792	1076	237	1931
1280	256	1792	1360	230	1926
1536	256	1792	1638	222	1922
1792	256	1792	1910	212	1914
2048	256	1792	2178	201	1903
2303	256	1792	2432	189	1887
2559	256	1792	2685	177	1871
2815	256	1792	2934	164	1855
3071	256	1792	3179	149	1840
3327	256	1792	3423	134	1825
3583	256	1792	3663	117	1811
3839	256	1792	3885	69	1795
4095	256	1792	4095	0	1779
0	512	1792	0	533	1936
256	512	1792	173	519	1968
512	512	1792	416	508	1984
768	512	1792	765	503	1975
1024	512	1792	1071	494	1963
1280	512	1792	1365	484	1952
1536	512	1792	1648	471	1941
1792	512	1792	1922	456	1927
2048	512	1792	2190	440	1912
2303	512	1792	2444	423	1893
2559	512	1792	2696	405	1874
2815	512	1792	2944	386	1856
3071	512	1792	3188	364	1840
3327	512	1792	3431	342	1824
3583	512	1792	3670	318	1810
3839	512	1792	3889	246	1792
4095	512	1792	4095	141	1773
0	768	1792	0	811	1935
256	768	1792	160	804	1962
512	768	1792	395	797	1982
768	768	1792	742	790	1994
1024	768	1792	1059	780	1986
1280	768	1792	1366	771	1972
1536	768	1792	1654	762	1955
1792	768	1792	1931	751	1937
2048	768	1792	2200	738	1917
2303	768	1792	2453	724	1896
2559	768	1792	2705	709	1875
2815	768	1792	2952	694	1855
3071	768	1792	3196	679	1838
3327	768	1792	3438	664	1822
3583	768	1792	3676	648	1807
3839	768	1792	3893	586	1789
4095	768	1792	4095	495	1769
0	1024	1792	0	1086	1933
256	1024	1792	134	1083	1953
512	1024	1792	358	1080	1971
768	1024	1792	717	1075	1983
1024	1024	1792	1040	1066	1986
1280	1024	1792	1351	1057	1982
1536	1024	1792	1651	1047	1963
1792	1024	1792	1935	1036	1942
2048	1024	1792	2208	1023	1918
2303	1024	1792	2462	1008	1894
2559	1024	1792	2715	992	1872
2815	1024	1792	2962	977	1851
3071	1024	1792	3205	963	1833
3327	1024	1792	3448	946	1816
3583	1024	1792	3693	921	1799
3839	1024	1792	3905	880	1782
4095	1024	1792	4095	828	1765
0	1280	1792	0	1361	1930
256	1280	1792	99	1361	1944
512	1280	1792	310	1360	1956
768	1280	1792	689	1359	1964
1024	1280	1792	1017	1352	1975
1280	1280	1792	1329	1343	1980
1536	1280	1792	1636	1326	1958
1792	1280	1792	1929	1314	1936
2048	1280	1792	2214	1304	1915
2303	1280	1792	2470	1287	1889
2559	1280	1792	2724	1269	1865
2815	1280	1792	2971	1253	1844
3071	1280	1792	3216	1237	1826
3327	1280	1792	3460	1217	1807
3583	1280	1792	3710	1183	1788
3839	1280	1792	3917	1162	1773
4095	1280	1792	4095	1149	1760
0	1536	1792	0	1636	1923
256	1536	1792	43	1638	1931
512	1536	1792	235	1639	1938
768	1536	1792	651	1639	1942
1024	1536	1792	986	1637	1946
1280	1536	1792	1294	1626	1943
1536	1536	1792	1578	1584	1904
1792	1536	1792	1887	1575	1893
2048	1536	1792	2214	1586	1899
2303	1536	1792	2474	1565	1874
2559	1536	1792	2731	1544	1850
2815	1536	1792	2980	1525	1830
3071	1536	1792	3230	1503	1809
3327	1536	1792	3478	1479	1790
3583	1536	1792	3720	1455	1773
3839	1536	1792	3922	1442	1762
4095	1536	1792	4095	1436	1754
0	1792	1792	0	1906	1908
256	1792	1792	13	1908	1912
512	1792	1792	190	1910	1914
768	1792	1792	611	1911	1915
1024	1792	1792	949	1912	1914
1280	1792	1792	1261	1905	1907
1536	1792	1792	1546	1872	1875
1792	1792	1792	1855	1859	1860
2048	1792	1792	2178	1858	1856
2303	1792	1792	2458	1842	1842
2559	1792	1792	2729	1823	1826
2815	1792	1792	2984	1799	1807
3071	1792	1792	3237	1773	1786
3327	1792	1792	3486	1748	1767
3583	1792	1792	3723	1730	1756
3839	1792	1792	3922	1719	1749
4095	1792	1792	4095	1715	1745
0	2048	1792	0	2172	1889
256	2048	1792	0	2175	1888
512	2048	1792	163	2177	1886
768	2048	1792	570	2179	1885
1024	2048	1792	909	2180	1880
1280	2048	1792	1228	2181	1873
1536	2048	1792	1532	2181	1861
1792	2048	1792	1828	2159	1833
2048	2048	1792	2120	2123	1795
2303	2048	1792	2429	2118	1800
2559	2048	1792	2721	2103	1796
2815	2048	1792	2983	2075	1778
3071	2048	1792	3239	2047	1758
3327	2048	1792	3489	2022	1741
3583	2048	1792	3721	2007	1737
3839	2048	1792	3920	1996	1736
4095	2048	1792	4095	1988	1736
0	2303	1792	0	2424	1859
256	2303	1792	0	2427	1856
512	2303	1792	149	2429	1853
768	2303	1792	521	2431	1850
1024	2303	1792	861	2433	1843
1280	2303	1792	1188	2434	1835
1536	2303	1792	1491	2434	1821
1792	2303	1792	1791	2426	1801
2048	2303	1792	2089	2411	1775
2303	2303	1792	2396	2403	1773
2559	2303	1792	2690	2387	1765
2815	2303	1792	2959	2357	1749
3071	2303	1792	3219	2328	1733
3327	2303	1792	3473	2301	1718
3583	2303	1792	3714	2280	1712
3839	2303	1792	3917	2265	1714
4095	2303	1792	4095	2255	1722
0	2559	1792	0	2675	1829
256	2559	1792	0	2678	1825
512	2559	1792	133	2680	1821
768	2559	1792	464	2682	1817
1024	2559	1792	809	2683	1809
1280	2559	1792	1147	2685	1799
1536	2559	1792	1450	2686	1785
1792	2559	1792	1752	2686	1768
2048	2559	1792	2051	2684	1750
2303	2559	1792	2356	2676	1743
2559	2559	1792	2652	2662	1734
2815	2559	1792	2931	2637	1722
3071	2559	1792	3196	2608	1709
3327	2559	1792	3454	2580	1696
3583	2559	1792	3702	2554	1686
3839	2559	1792	3912	2535	1690
4095	2559	1792	4095	2522	1705
0	2815	1792	0	2923	1798
256	2815	1792	0	2924	1794
512	2815	1792	114	2926	1789
768	2815	1792	397	2929	1785
1024	2815	1792	749	2930	1777
1280	2815	1792	1105	2932	1767
1536	2815	1792	1411	2933	1753
1792	2815	1792	1710	2934	1736
2048	2815	1792	2005	2934	1717
2303	2815	1792	2305	2929	1709
2559	2815	1792	2604	2922	1703
2815	2815	1792	2897	2911	1699
3071	2815	1792	3168	2886	1688
3327	2815	1792	3431	2857	1675
3583	2815	1792	3686	2828	1659
3839	2815	1792	3903	2805	1664
4095	2815	1792	4095	2787	1683
0	3071	1792	0	3166	1769
256	3071	1792	0	3168	1765
512	3071	1792	86	3170	1761
768	3071	1792	302	3172	1756
1024	3071	1792	670	3173	1748
1280	3071	1792	1058	3175	1738
1536	3071	1792	1371	3176	1726
1792	3071	1792	1671	3177	1709
2048	3071	1792	1964	3178	1691
2303	3071	1792	2260	3175	1680
2559	3071	1792	2556	3171	1673
2815	3071	1792	2851	3164	1671
3071	3071	1792	3132	3149	1665
3327	3071	1792	3405	3129	1657
3583	3071	1792	3663	3100	1644
3839	3071	1792	3889	3075	1640
4095	3071	1792	4095	3051	1644
0	3327	1792	0	3408	1741
256	3327	1792	0	3410	1737
512	3327	1792	55	3411	1733
768	3327	1792	192	3413	1728
1024	3327	1792	582	3415	1720
1280	3327	1792	1009	3416	1711
1536	3327	1792	1329	3417	1699
1792	3327	1792	1633	3419	1684
2048	3327	1792	1926	3420	1667
2303	3327	1792	2216	3418	1653
2559	3327	1792	2509	3416	1644
2815	3327	1792	2803	3411	1642
3071	3327	1792	3092	3405	1641
3327	3327	1792	3374	3395	1638
3583	3327	1792	3637	3370	1629
3839	3327	1792	3874	3343	1604
4095	3327	1792	4095	3315	1567
0	3583	1792	0	3646	1713
256	3583	1792	0	3648	1710
512	3583	1792	16	3650	1706
768	3583	1792	55	3651	1702
1024	3583	1792	476	3653	1694
1280	3583	1792	954	3654	1685
1536	3583	1792	1284	3656	1674
1792	3583	1792	1592	3657	1660
2048	3583	1792	1887	3658	1643
2303	3583	1792	2176	3658	1628
2559	3583	1792	2466	3656	1618
2815	3583	1792	2759	3652	1615
3071	3583	1792	3046	3648	1614
3327	3583	1792	3331	3641	1613
3583	3583	1792	3607	3630	1610
3839	3583	1792	3859	3610	1514
4095	3583	1792	4095	3584	1355
0	3839	1792	0	3874	1696
256	3839	1792	0	3875	1699
512	3839	1792	46	3876	1701
768	3839	1792	162	3877	1704
1024	3839	1792	562	3878	1700
1280	3839	1792	1003	3879	1695
1536	3839	1792	1322	3880	1689
1792	3839	1792	1622	3881	1680
2048	3839	1792	1911	3882	1670
2303	3839	1792	2192	3881	1661
2559	3839	1792	2474	3881	1655
2815	3839	1792	2755	3879	1653
3071	3839	1792	3034	3876	1653
3327	3839	1792	3311	3873	1653
3583	3839	1792	3586	3870	1653
3839	3839	1792	3840	3858	1541
4095	3839	1792	4080	3841	1353
0	4095	1792	0	4094	1685
256	4095	1792	0	4095	1698
512	4095	1792	123	4095	1711
768	4095	1792	431	4095	1724
1024	4095	1792	777	4095	1728
1280	4095	1792	1121	4095	1729
1536	4095	1792	1415	4095	1730
1792	4095	1792	1699	4095	1731
2048	4095	1792	1976	4095	1731
2303	4095	1792	2246	4095	1733
2559	4095	1792	2514	4095	1734
2815	4095	1792	2780	4095	1734
3071	4095	1792	3044	4095	1735
3327	4095	1792	3308	4095	1737
3583	4095	1792	3570	4095	1740
3839	4095	1792	3818	4093	1647
4095	4095	1792	4055	4090	1491
0	0	2048	0	0	2177
256	0	2048	251	0	2158
512	0	2048	514	0	2149
768	0	2048	793	0	2153
1024	0	2048	1068	0	2156
1280	0	2048	1342	0	2159
1536	0	2048	1615	0	2161
1792	0	2048	1888	0	2162
2048	0	2048	2161	0	2163
2303	0	2048	2418	0	2150
2559	0	2048	2673	0	2136
2815	0	2048	2923	0	2121
3071	0	2048	3170	0	2106
3327	0	2048	3415	0	2091
3583	0	2048	3657	0	2075
3839	0	2048	3881	0	2061
4095	0	2048	4095	0	2046
0	256	2048	0	257	2194
256	256	2048	189	246	2207
512	256	2048	435	239	2211
768	256	2048	768	239	2200
1024	256	2048	1062	234	2194
1280	256	2048	1346	228	2189
1536	256	2048	1624	219	2185
1792	256	2048	1900	209	2182
2048	256	2048	2175	198	2178
2303	256	2048	2431	186	2161
2559	256	2048	2685	174	2143
2815	256	2048	2934	161	2125
3071	256	2048	3179	146	2108
3327	256	2048	3423	131	2092
3583	256	2048	3663	114	2076
3839	256	2048	3885	67	2060
4095	256	2048	4095	0	2043
0	512	2048	0	523	2204
256	512	2048	145	509	2235
512	512	2048	378	499	2249
768	512	2048	742	495	2238
1024	512	2048	1053	488	2228
1280	512	2048	1347	478	2218
1536	512	2048	1630	466	2207
1792	512	2048	1909	452	2199
2048	512	2048	2186	436	2191
2303	512	2048	2442	419	2170
2559	512	2048	2695	400	2149
2815	512	2048	2943	382	2128
3071	512	2048	3188	361	2110
3327	512	2048	3430	339	2092
3583	512	2048	3669	315	2076
3839	512	2048	3889	244	2058
4095	512	2048	4095	142	2040
0	768	2048	0	802	2205
256	768	2048	131	795	2230
512	768	2048	354	787	2250
768	768	2048	715	780	2261
1024	768	2048	1037	771	2254
1280	768	2048	1344	762	2242
1536	768	2048	1633	754	2225
1792	768	2048	1916	745	2212
2048	768	2048	2195	735	2200
2303	768	2048	2450	721	2176
2559	768	2048	2703	707	2152
2815	768	2048	2951	692	2130
3071	768	2048	3195	677	2110
3327	768	2048	3437	662	2091
3583	768	2048	3676	646	2074
3839	768	2048	3893	586	2056
4095	768	2048	4095	496	2038
0	1024	2048	0	1076	2202
256	1024	2048	102	1073	2223
512	1024	2048	314	1068	2241
768	1024	2048	691	1063	2254
1024	1024	2048	1017	1055	2258
1280	1024	2048	1328	1046	2257
1536	1024	2048	1628	1037	2240
1792	1024	2048	1918	1028	2224
2048	1024	2048	2202	1020	2207
2303	1024	2048	2458	1005	2179
2559	1024	2048	2712	990	2153
2815	1024	2048	2960	976	2129
3071	1024	2048	3204	961	2108
3327	1024	2048	3446	946	2088
3583	1024	2048	3689	925	2070
3839	1024	2048	3902	884	2052
4095	1024	2048	4095	830	2034
0	1280	2048	0	1349	2198
256	1280	2048	67	1348	2215
512	1280	2048	267	1347	2229
768	1280	2048	665	1345	2239
1024	1280	2048	995	1338	2252
1280	1280	2048	1308	1329	2262
1536	1280	2048	1617	1318	2250
1792	1280	2048	1916	1309	2233
2048	1280	2048	2207	1301	2212
2303	1280	2048	2466	1284	2181
2559	1280	2048	2721	1268	2152
2815	1280	2048	2969	1251	2127
3071	1280	2048	3214	1236	2104
3327	1280	2048	3457	1218	2084
3583	1280	2048	3703	1191	2064
3839	1280	2048	3912	1169	2046
4095	1280	2048	4095	1150	2030
0	1536	2048	0	1623	2193
256	1536	2048	19	1624	2205
512	1536	2048	202	1624	2215
768	1536	2048	631	1623	2221
1024	1536	2048	969	1619	2230
1280	1536	2048	1283	1614	2238
1536	1536	2048	1593	1604	2242
1792	1536	2048	1900	1593	2231
2048	1536	2048	2206	1583	2209
2303	1536	2048	2469	1562	2176
2559	1536	2048	2727	1543	2145
2815	1536	2048	2978	1524	2118
3071	1536	2048	3225	1503	2095
3327	1536	2048	3472	1482	2073
3583	1536	2048	3716	1457	2053
3839	1536	2048	3920	1444	2037
4095	1536	2048	4095	1436	2024
0	1792	2048	0	1897	2185
256	1792	2048	0	1898	2192
512	1792	2048	170	1900	2198
768	1792	2048	594	1900	2202
1024	1792	2048	936	1899	2206
1280	1792	2048	1254	1897	2211
1536	1792	2048	1562	1890	2216
1792	1792	2048	1858	1865	2192
2048	1792	2048	2146	1828	2148
2303	1792	2048	2447	1827	2140
2559	1792	2048	2731	1818	2125
2815	1792	2048	2987	1794	2099
3071	1792	2048	3236	1772	2077
3327	1792	2048	3481	1750	2057
3583	1792	2048	3721	1730	2039
3839	1792	2048	3921	1720	2027
4095	1792	2048	4095	1715	2017
0	2048	2048	0	2171	2175
256	2048	2048	0	2173	2178
512	2048	2048	159	2175	2180
768	2048	2048	557	2177	2181
1024	2048	2048	899	2178	2182
1280	2048	2048	1223	2178	2181
1536	2048	2048	1528	2177	2179
1792	2048	2048	1799	2128	2129
2048	2048	2048	2048	2048	2048
2303	2048	2048	2409	2084	2086
2559	2048	2048	2732	2094	2098
2815	2048	2048	2997	2064	2072
3071	2048	2048	3245	2041	2052
3327	2048	2048	3487	2021	2036
3583	2048	2048	3720	2007	2024
3839	2048	2048	3919	1996	2015
4095	2048	2048	4095	1989	2008
0	2303	2048	0	2423	2144
256	2303	2048	0	2426	2144
512	2303	2048	145	2428	2144
768	2303	2048	506	2430	2144
1024	2303	2048	850	2431	2141
1280	2303	2048	1182	2432	2137
1536	2303	2048	1485	2433	2130
1792	2303	2048	1775	2414	2102
2048	2303	2048	2057	2383	2060
2303	2303	2048	2388	2390	2065
2559	2303	2048	2697	2382	2059
2815	2303	2048	2971	2350	2037
3071	2303	2048	3230	2321	2018
3327	2303	2048	3481	2295	2002
3583	2303	2048	3715	2278	1999
3839	2303	2048	3916	2266	1997
4095	2303	2048	4095	2256	1997
0	2559	2048	0	2674	2113
256	2559	2048	0	2677	2111
512	2559	2048	128	2680	2109
768	2559	2048	448	2681	2107
1024	2559	2048	796	2683	2102
1280	2559	2048	1141	2684	2096
1536	2559	2048	1444	2686	2085
1792	2559	2048	1745	2686	2070
2048	2559	2048	2044	2685	2052
2303	2559	2048	2354	2676	2037
2559	2559	2048	2655	2660	2021
2815	2559	2048	2939	2633	2005
3071	2559	2048	3207	2602	1988
3327	2559	2048	3467	2572	1972
3583	2559	2048	3707	2550	1969
3839	2559	2048	3913	2534	1973
4095	2559	2048	4095	2522	1983
0	2815	2048	0	2922	2080
256	2815	2048	0	2924	2077
512	2815	2048	109	2927	2075
768	2815	2048	380	2929	2072
1024	2815	2048	735	2930	2066
1280	2815	2048	1098	2932	2058
1536	2815	2048	1405	2933	2047
1792	2815	2048	1705	2934	2032
2048	2815	2048	2001	2934	2015
2303	2815	2048	2301	2930	1997
2559	2815	2048	2601	2923	1984
2815	2815	2048	2901	2911	1978
3071	2815	2048	3175	2883	1964
3327	2815	2048	3441	2852	1947
3583	2815	2048	3697	2822	1930
3839	2815	2048	3910	2801	1939
4095	2815	2048	4095	2787	1964
0	3071	2048	0	3166	2049
256	3071	2048	0	3168	2046
512	3071	2048	80	3170	2043
768	3071	2048	279	3172	2040
1024	3071	2048	654	3174	2033
1280	3071	2048	1051	3175	2025
1536	3071	2048	1365	3177	2014
1792	3071	2048	1667	3178	2000
2048	3071	2048	1961	3178	1983
2303	3071	2048	2253	3177	1962
2559	3071	2048	2549	3173	1949
2815	3071	2048	2851	3165	1946
3071	3071	2048	3135	3148	1938
3327	3071	2048	3411	3127	1928
3583	3071	2048	3672	3096	1911
3839	3071	2048	3896	3072	1917
4095	3071	2048	4095	3051	1936
0	3327	2048	0	3408	2019
256	3327	2048	0	3411	2016
512	3327	2048	48	3413	2013
768	3327	2048	168	3414	2009
1024	3327	2048	564	3415	2002
1280	3327	2048	1001	3417	1994
1536	3327	2048	1323	3418	1984
1792	3327	2048	1628	3419	1970
2048	3327	2048	1922	3420	1954
2303	3327	2048	2208	3421	1931
2559	3327	2048	2500	3418	1916
2815	3327	2048	2799	3413	1914
3071	3327	2048	3092	3406	1911
3327	3327	2048	3378	3395	1908
3583	3327	2048	3642	3369	1896
3839	3327	2048	3878	3342	1887
4095	3327	2048	4095	3315	1878
0	3583	2048	0	3646	1989
256	3583	2048	0	3648	1987
512	3583	2048	14	3650	1984
768	3583	2048	48	3652	1980
1024	3583	2048	467	3654	1973
1280	3583	2048	945	3655	1965
1536	3583	2048	1278	3656	1956
1792	3583	2048	1588	3657	1942
2048	3583	2048	1883	3659	1927
2303	3583	2048	2169	3659	1907
2559	3583	2048	2458	3658	1892
2815	3583	2048	2752	3655	1885
3071	3583	2048	3043	3649	1882
3327	3583	2048	3331	3642	1880
3583	3583	2048	3610	3630	1876
3839	3583	2048	3861	3609	1815
4095	3583	2048	4095	3581	1715
0	3839	2048	0	3873	1974
256	3839	2048	0	3875	1979
512	3839	2048	48	3876	1981
768	3839	2048	166	3878	1979
1024	3839	2048	562	3879	1974
1280	3839	2048	999	3880	1970
1536	3839	2048	1319	3880	1964
1792	3839	2048	1620	3881	1956
2048	3839	2048	1909	3882	1946
2303	3839	2048	2188	3882	1935
2559	3839	2048	2469	3882	1926
2815	3839	2048	2751	3880	1920
3071	3839	2048	3032	3877	1918
3327	3839	2048	3311	3874	1918
3583	3839	2048	3587	3870	1918
3839	3839	2048	3841	3858	1826
4095	3839	2048	4081	3840	1673
0	4095	2048	0	4095	1969
256	4095	2048	0	4095	1985
512	4095	2048	127	4095	1995
768	4095	2048	444	4095	1995
1024	4095	2048	786	4095	1995
1280	4095	2048	1124	4095	1996
1536	4095	2048	1418	4095	1996
1792	4095	2048	1701	4095	1997
2048	4095	2048	1979	4095	1997
2303	4095	2048	2247	4095	1997
2559	4095	2048	2515	4095	1998
2815	4095	2048	2781	4095	1998
3071	4095	2048	3045	4095	1999
3327	4095	2048	3309	4095	2000
3583	4095	2048	3571	4095	2002
3839	4095	2048	3819	4095	1893
4095	4095	2048	4058	4095	1710
0	0	2303	0	0	2436
256	0	2303	244	0	2416
512	0	2303	503	0	2406
768	0	2303	784	0	2409
1024	0	2303	1058	0	2412
1280	0	2303	1331	0	2414
1536	0	2303	1603	0	2416
1792	0	2303	1874	0	2417
2048	0	2303	2146	0	2417
2303	0	2303	2410	0	2412
2559	0	2303	2670	0	2403
2815	0	2303	2922	0	2387
3071	0	2303	3169	0	2371
3327	0	2303	3415	0	2355
3583	0	2303	3656	0	2338
3839	0	2303	3881	0	2322
4095	0	2303	4095	0	2306
0	256	2303	0	250	2455
256	256	2303	162	238	2466
512	256	2303	400	232	2467
768	256	2303	751	234	2454
1024	256	2303	1049	230	2448
1280	256	2303	1332	225	2444
1536	256	2303	1609	217	2440
1792	256	2303	1883	207	2437
2048	256	2303	2157	197	2433
2303	256	2303	2421	184	2425
2559	256	2303	2681	171	2412
2815	256	2303	2932	157	2393
3071	256	2303	3178	143	2375
3327	256	2303	3422	128	2357
3583	256	2303	3662	110	2339
3839	256	2303	3885	65	2322
4095	256	2303	4095	0	2306
0	512	2303	0	511	2466
256	512	2303	107	496	2494
512	512	2303	327	487	2505
768	512	2303	718	488	2491
1024	512	2303	1035	481	2482
1280	512	2303	1329	472	2473
1536	512	2303	1612	461	2463
1792	512	2303	1890	448	2455
2048	512	2303	2166	433	2447
2303	512	2303	2431	415	2436
2559	512	2303	2691	396	2420
2815	512	2303	2941	377	2399
3071	512	2303	3186	356	2378
3327	512	2303	3429	334	2359
3583	512	2303	3668	310	2340
3839	512	2303	3888	241	2323
4095	512	2303	4095	142	2306
0	768	2303	0	791	2466
256	768	2303	91	784	2489
512	768	2303	300	776	2507
768	768	2303	685	769	2517
1024	768	2303	1013	761	2512
1280	768	2303	1322	753	2501
1536	768	2303	1611	747	2484
1792	768	2303	1894	738	2470
2048	768	2303	2173	729	2459
2303	768	2303	2439	717	2444
2559	768	2303	2699	704	2426
2815	768	2303	2948	689	2402
3071	768	2303	3193	674	2380
3327	768	2303	3436	659	2359
3583	768	2303	3675	644	2340
3839	768	2303	3892	584	2322
4095	768	2303	4095	496	2304
0	1024	2303	0	1065	2463
256	1024	2303	62	1061	2483
512	1024	2303	260	1056	2500
768	1024	2303	661	1051	2513
1024	1024	2303	993	1043	2518
1280	1024	2303	1304	1035	2517
1536	1024	2303	1604	1028	2499
1792	1024	2303	1894	1020	2483
2048	1024	2303	2178	1011	2470
2303	1024	2303	2446	1000	2452
2559	1024	2303	2707	988	2431
2815	1024	2303	2957	974	2405
3071	1024	2303	3202	959	2381
3327	1024	2303	3444	944	2359
3583	1024	2303	3686	926	2339
3839	1024	2303	3900	885	2320
4095	1024	2303	4095	830	2301
0	1280	2303	0	1337	2459
256	1280	2303	32	1336	2476
512	1280	2303	219	1334	2490
768	1280	2303	637	1331	2500
1024	1280	2303	971	1324	2515
1280	1280	2303	1284	1316	2524
1536	1280	2303	1592	1307	2509
1792	1280	2303	1890	1299	2494
2048	1280	2303	2181	1289	2479
2303	1280	2303	2451	1278	2458
2559	1280	2303	2715	1265	2434
2815	1280	2303	2966	1250	2406
3071	1280	2303	3211	1234	2381
3327	1280	2303	3455	1217	2357
3583	1280	2303	3699	1194	2336
3839	1280	2303	3909	1172	2316
4095	1280	2303	4095	1150	2297
0	1536	2303	0	1609	2455
256	1536	2303	9	1609	2467
512	1536	2303	184	1608	2478
768	1536	2303	608	1607	2486
1024	1536	2303	946	1603	2496
1280	1536	2303	1262	1598	2505
1536	1536	2303	1569	1588	2508
1792	1536	2303	1873	1579	2498
2048	1536	2303	2175	1570	2479
2303	1536	2303	2453	1556	2458
2559	1536	2303	2721	1540	2433
2815	1536	2303	2974	1522	2403
3071	1536	2303	3221	1503	2376
3327	1536	2303	3467	1483	2351
3583	1536	2303	3713	1458	2329
3839	1536	2303	3918	1444	2310
4095	1536	2303	4095	1437	2292
0	1792	2303	0	1881	2447
256	1792	2303	0	1882	2456
512	1792	2303	164	1882	2464
768	1792	2303	575	1882	2469
1024	1792	2303	915	1881	2475
1280	1792	2303	1235	1877	2483
1536	1792	2303	1542	1871	2490
1792	1792	2303	1844	1856	2478
2048	1792	2303	2143	1837	2451
2303	1792	2303	2441	1829	2442
2559	1792	2303	2723	1815	2424
2815	1792	2303	2982	1792	2393
3071	1792	2303	3231	1771	2365
3327	1792	2303	3476	1751	2340
3583	1792	2303	3718	1730	2319
3839	1792	2303	3920	1719	2301
4095	1792	2303	4095	1715	2286
0	2048	2303	0	2153	2439
256	2048	2303	0	2154	2444
512	2048	2303	154	2155	2448
768	2048	2303	538	2157	2451
1024	2048	2303	880	2157	2454
1280	2048	2303	1206	2156	2458
1536	2048	2303	1511	2153	2461
1792	2048	2303	1805	2131	2441
2048	2048	2303	2093	2096	2406
2303	2048	2303	2419	2100	2416
2559	2048	2303	2723	2091	2410
2815	2048	2303	2992	2061	2378
3071	2048	2303	3241	2039	2350
3327	2048	2303	3484	2019	2325
3583	2048	2303	3717	2005	2306
3839	2048	2303	3917	1996	2291
4095	2048	2303	4095	1989	2278
0	2303	2303	0	2416	2420
256	2303	2303	0	2418	2422
512	2303	2303	139	2419	2424
768	2303	2303	486	2421	2426
1024	2303	2303	833	2422	2426
1280	2303	2303	1171	2422	2426
1536	2303	2303	1476	2422	2425
1792	2303	2303	1775	2413	2413
2048	2303	2303	2071	2399	2394
2303	2303	2303	2365	2368	2365
2559	2303	2303	2663	2347	2345
2815	2303	2303	2967	2339	2340
3071	2303	2303	3229	2317	2320
3327	2303	2303	3477	2294	2299
3583	2303	2303	3712	2277	2286
3839	2303	2303	3914	2265	2276
4095	2303	2303	4095	2256	2268
0	2559	2303	0	2674	2395
256	2559	2303	0	2676	2395
512	2559	2303	121	2678	2396
768	2559	2303	425	2680	2395
1024	2559	2303	778	2681	2394
1280	2559	2303	1132	2682	2391
1536	2559	2303	1439	2683	2386
1792	2559	2303	1740	2683	2378
2048	2559	2303	2039	2682	2368
2303	2559	2303	2319	2642	2323
2559	2559	2303	2616	2619	2298
2815	2559	2303	2937	2621	2304
3071	2559	2303	3210	2598	2287
3327	2559	2303	3467	2570	2267
3583	2559	2303	3705	2550	2260
3839	2559	2303	3911	2534	2257
4095	2559	2303	4095	2522	2256
0	2815	2303	0	2921	2362
256	2815	2303	0	2924	2361
512	2815	2303	100	2926	2360
768	2815	2303	351	2928	2358
1024	2815	2303	714	2929	2355
1280	2815	2303	1088	2931	2350
1536	2815	2303	1398	2932	2342
1792	2815	2303	1698	2933	2332
2048	2815	2303	1993	2933	2319
2303	2815	2303	2288	2924	2296
2559	2815	2303	2590	2916	2279
2815	2815	2303	2901	2907	2272
3071	2815	2303	3184	2878	2248
3327	2815	2303	3453	2845	2226
3583	2815	2303	3697	2820	2224
3839	2815	2303	3908	2801	2230
4095	2815	2303	4095	2787	2241
0	3071	2303	0	3165	2328
256	3071	2303	0	3168	2327
512	3071	2303	68	3170	2325
768	3071	2303	239	3172	2323
1024	3071	2303	625	3173	2319
1280	3071	2303	1040	3175	2313
1536	3071	2303	1356	3176	2304
1792	3071	2303	1659	3177	2293
2048	3071	2303	1954	3178	2279
2303	3071	2303	2246	3177	2260
2559	3071	2303	2544	3173	2243
2815	3071	2303	2848	3165	2232
3071	3071	2303	3139	3146	2218
3327	3071	2303	3421	3122	2201
3583	3071	2303	3680	3093	2182
3839	3071	2303	3900	3070	2191
4095	3071	2303	4095	3051	2218
0	3327	2303	0	3407	2296
256	3327	2303	0	3410	2294
512	3327	2303	35	3412	2292
768	3327	2303	124	3414	2290
1024	3327	2303	534	3415	2284
1280	3327	2303	990	3416	2278
1536	3327	2303	1313	3418	2269
1792	3327	2303	1619	3419	2257
2048	3327	2303	1915	3420	2243
2303	3327	2303	2203	3421	2223
2559	3327	2303	2495	3419	2206
2815	3327	2303	2792	3415	2193
3071	3327	2303	3090	3407	2188
3327	3327	2303	3382	3394	2179
3583	3327	2303	3655	3364	2146
3839	3327	2303	3888	3338	2150
4095	3327	2303	4095	3314	2179
0	3583	2303	0	3646	2265
256	3583	2303	0	3648	2263
512	3583	2303	10	3650	2261
768	3583	2303	35	3652	2258
1024	3583	2303	454	3654	2253
1280	3583	2303	934	3655	2246
1536	3583	2303	1266	3657	2237
1792	3583	2303	1578	3658	2225
2048	3583	2303	1876	3659	2212
2303	3583	2303	2163	3660	2193
2559	3583	2303	2452	3659	2176
2815	3583	2303	2743	3657	2159
3071	3583	2303	3038	3651	2154
3327	3583	2303	3331	3643	2150
3583	3583	2303	3615	3629	2139
3839	3583	2303	3866	3607	2115
4095	3583	2303	4095	3579	2083
0	3839	2303	0	3874	2240
256	3839	2303	0	3876	2243
512	3839	2303	38	3877	2245
768	3839	2303	131	3878	2246
1024	3839	2303	539	3879	2245
1280	3839	2303	992	3880	2243
1536	3839	2303	1312	3881	2237
1792	3839	2303	1614	3881	2230
2048	3839	2303	1905	3882	2222
2303	3839	2303	2185	3883	2211
2559	3839	2303	2465	3883	2200
2815	3839	2303	2745	3882	2189
3071	3839	2303	3028	3879	2186
3327	3839	2303	3310	3875	2185
3583	3839	2303	3588	3870	2184
3839	3839	2303	3845	3857	2144
4095	3839	2303	4088	3838	2079
0	4095	2303	0	4095	2219
256	4095	2303	0	4095	2229
512	4095	2303	100	4095	2239
768	4095	2303	350	4095	2247
1024	4095	2303	734	4095	2254
1280	4095	2303	1126	4095	2259
1536	4095	2303	1418	4095	2260
1792	4095	2303	1701	4095	2260
2048	4095	2303	1978	4095	2260
2303	4095	2303	2247	4095	2260
2559	4095	2303	2516	4095	2260
2815	4095	2303	2782	4095	2261
3071	4095	2303	3046	4095	2261
3327	4095	2303	3309	4095	2261
3583	4095	2303	3572	4095	2263
3839	4095	2303	3826	4094	2216
4095	4095	2303	4076	4093	2138
0	0	2559	0	0	2693
256	0	2559	236	0	2673
512	0	2559	491	0	2662
768	0	2559	774	0	2665
1024	0	2559	1048	0	2667
1280	0	2559	1320	0	2668
1536	0	2559	1591	0	2669
1792	0	2559	1861	0	2670
2048	0	2559	2130	0	2670
2303	0	2559	2399	0	2670
2559	0	2559	2663	0	2665
2815	0	2559	2919	0	2653
3071	0	2559	3167	0	2636
3327	0	2559	3413	0	2619
3583	0	2559	3655	0	2601
3839	0	2559	3881	0	2584
4095	0	2559	4095	0	2566
0	256	2559	0	241	2715
256	256	2559	134	230	2723
512	256	2559	362	225	2723
768	256	2559	732	228	2709
1024	256	2559	1034	226	2702
1280	256	2559	1318	222	2697
1536	256	2559	1593	214	2694
1792	256	2559	1867	205	2691
2048	256	2559	2139	195	2687
2303	256	2559	2408	182	2684
2559	256	2559	2672	168	2676
2815	256	2559	2928	154	2661
3071	256	2559	3175	139	2642
3327	256	2559	3420	124	2623
3583	256	2559	3661	106	2604
3839	256	2559	3884	62	2586
4095	256	2559	4095	0	2570
0	512	2559	0	499	2727
256	512	2559	67	484	2752
512	512	2559	274	475	2760
768	512	2559	692	478	2746
1024	512	2559	1015	473	2736
1280	512	2559	1311	466	2728
1536	512	2559	1593	456	2718
1792	512	2559	1871	444	2710
2048	512	2559	2146	430	2702
2303	512	2559	2416	411	2696
2559	512	2559	2681	392	2686
2815	512	2559	2936	372	2668
3071	512	2559	3183	351	2647
3327	512	2559	3427	329	2626
3583	512	2559	3667	305	2606
3839	512	2559	3888	238	2588
4095	512	2559	4095	142	2572
0	768	2559	0	780	2726
256	768	2559	51	772	2747
512	768	2559	245	765	2764
768	768	2559	655	759	2773
1024	768	2559	988	750	2770
1280	768	2559	1299	743	2761
1536	768	2559	1590	739	2741
1792	768	2559	1873	732	2726
2048	768	2559	2151	723	2715
2303	768	2559	2423	712	2707
2559	768	2559	2689	700	2694
2815	768	2559	2944	686	2674
3071	768	2559	3191	672	2651
3327	768	2559	3434	657	2628
3583	768	2559	3674	641	2607
3839	768	2559	3891	583	2589
4095	768	2559	4095	496	2572
0	1024	2559	0	1054	2723
256	1024	2559	29	1049	2742
512	1024	2559	213	1045	2758
768	1024	2559	631	1039	2770
1024	1024	2559	967	1031	2777
1280	1024	2559	1280	1023	2777
1536	1024	2559	1581	1019	2754
1792	1024	2559	1871	1011	2740
2048	1024	2559	2154	1002	2730
2303	1024	2559	2428	994	2718
2559	1024	2559	2696	984	2702
2815	1024	2559	2952	971	2679
3071	1024	2559	3199	957	2654
3327	1024	2559	3442	943	2630
3583	1024	2559	3683	926	2608
3839	1024	2559	3898	886	2588
4095	1024	2559	4095	830	2569
0	1280	2559	0	1325	2720
256	1280	2559	8	1323	2735
512	1280	2559	184	1321	2749
768	1280	2559	610	1318	2760
1024	1280	2559	947	1310	2774
1280	1280	2559	1260	1303	2782
1536	1280	2559	1568	1298	2763
1792	1280	2559	1865	1289	2750
2048	1280	2559	2154	1278	2742
2303	1280	2559	2432	1270	2728
2559	1280	2559	2703	1261	2709
2815	1280	2559	2960	1247	2684
3071	1280	2559	3207	1233	2657
3327	1280	2559	3452	1217	2631
3583	1280	2559	3695	1196	2608
3839	1280	2559	3906	1174	2586
4095	1280	2559	4095	1150	2566
0	1536	2559	0	1595	2715
256	1536	2559	2	1594	2728
512	1536	2559	170	1593	2739
768	1536	2559	584	1592	2748
1024	1536	2559	923	1587	2759
1280	1536	2559	1240	1582	2767
1536	1536	2559	1549	1575	2764
1792	1536	2559	1850	1567	2754
2048	1536	2559	2146	1558	2740
2303	1536	2559	2431	1548	2730
2559	1536	2559	2707	1535	2712
2815	1536	2559	2967	1519	2685
3071	1536	2559	3216	1502	2657
3327	1536	2559	3462	1483	2629
3583	1536	2559	3709	1458	2606
3839	1536	2559	3916	1444	2583
4095	1536	2559	4095	1437	2561
0	1792	2559	0	1865	2709
256	1792	2559	0	1865	2719
512	1792	2559	158	1865	2727
768	1792	2559	553	1865	2734
1024	1792	2559	893	1862	2742
1280	1792	2559	1216	1859	2750
1536	1792	2559	1523	1853	2754
1792	1792	2559	1828	1846	2747
2048	1792	2559	2132	1838	2733
2303	1792	2559	2424	1826	2726
2559	1792	2559	2707	1811	2710
2815	1792	2559	2974	1790	2683
3071	1792	2559	3225	1770	2653
3327	1792	2559	3472	1750	2624
3583	1792	2559	3715	1728	2599
3839	1792	2559	3918	1718	2576
4095	1792	2559	4095	1716	2555
0	2048	2559	0	2135	2701
256	2048	2559	0	2136	2708
512	2048	2559	148	2136	2714
768	2048	2559	517	2137	2718
1024	2048	2559	860	2136	2724
1280	2048	2559	1189	2135	2730
1536	2048	2559	1493	2131	2738
1792	2048	2559	1801	2125	2734
2048	2048	2559	2113	2118	2723
2303	2048	2559	2414	2105	2718
2559	2048	2559	2705	2086	2704
2815	2048	2559	2981	2060	2677
3071	2048	2559	3235	2037	2646
3327	2048	2559	3481	2017	2615
3583	2048	2559	3715	2004	2589
3839	2048	2559	3916	1995	2568
4095	2048	2559	4095	1989	2549
0	2303	2559	0	2403	2690
256	2303	2559	0	2405	2694
512	2303	2559	133	2406	2698
768	2303	2559	464	2407	2701
1024	2303	2559	813	2408	2704
1280	2303	2559	1157	2407	2707
1536	2303	2559	1463	2406	2710
1792	2303	2559	1768	2403	2709
2048	2303	2559	2071	2399	2704
2303	2303	2559	2350	2357	2664
2559	2303	2559	2644	2332	2641
2815	2303	2559	2960	2334	2644
3071	2303	2559	3224	2315	2622
3327	2303	2559	3473	2292	2595
3583	2303	2559	3709	2276	2573
3839	2303	2559	3913	2265	2555
4095	2303	2559	4095	2256	2540
0	2559	2559	0	2666	2671
256	2559	2559	0	2668	2674
512	2559	2559	114	2670	2676
768	2559	2559	400	2672	2677
1024	2559	2559	758	2673	2678
1280	2559	2559	1121	2674	2678
1536	2559	2559	1430	2674	2677
1792	2559	2559	1732	2673	2676
2048	2559	2559	2029	2671	2673
2303	2559	2559	2303	2626	2623
2559	2559	2559	2600	2602	2597
2815	2559	2559	2929	2610	2606
3071	2559	2559	3206	2591	2588
3327	2559	2559	3465	2567	2565
3583	2559	2559	3703	2548	2551
3839	2559	2559	3909	2534	2540
4095	2559	2559	4095	2522	2530
0	2815	2559	0	2920	2643
256	2815	2559	0	2922	2644
512	2815	2559	91	2924	2644
768	2815	2559	319	2926	2644
1024	2815	2559	690	2927	2643
1280	2815	2559	1077	2928	2641
1536	2815	2559	1390	2929	2637
1792	2815	2559	1692	2930	2631
2048	2815	2559	1987	2930	2623
2303	2815	2559	2280	2920	2602
2559	2815	2559	2579	2907	2581
2815	2815	2559	2884	2888	2560
3071	2815	2559	3177	2865	2538
3327	2815	2559	3457	2841	2520
3583	2815	2559	3696	2819	2521
3839	2815	2559	3905	2801	2520
4095	2815	2559	4095	2787	2518
0	3071	2559	0	3164	2609
256	3071	2559	0	3167	2609
512	3071	2559	56	3169	2609
768	3071	2559	195	3171	2608
1024	3071	2559	594	3172	2605
1280	3071	2559	1029	3174	2602
1536	3071	2559	1347	3175	2596
1792	3071	2559	1652	3176	2588
2048	3071	2559	1947	3177	2578
2303	3071	2559	2240	3176	2562
2559	3071	2559	2536	3169	2543
2815	3071	2559	2835	3155	2520
3071	3071	2559	3135	3139	2504
3327	3071	2559	3426	3119	2489
3583	3071	2559	3682	3090	2469
3839	3071	2559	3901	3068	2476
4095	3071	2559	4095	3051	2500
0	3327	2559	0	3407	2574
256	3327	2559	0	3409	2574
512	3327	2559	22	3411	2573
768	3327	2559	76	3413	2572
1024	3327	2559	500	3415	2568
1280	3327	2559	978	3416	2563
1536	3327	2559	1303	3418	2556
1792	3327	2559	1611	3419	2546
2048	3327	2559	1908	3420	2536
2303	3327	2559	2197	3420	2519
2559	3327	2559	2489	3419	2501
2815	3327	2559	2785	3415	2482
3071	3327	2559	3087	3407	2473
3327	3327	2559	3385	3393	2461
3583	3327	2559	3662	3361	2422
3839	3327	2559	3893	3335	2432
4095	3327	2559	4095	3314	2474
0	3583	2559	0	3647	2542
256	3583	2559	0	3649	2541
512	3583	2559	6	3651	2540
768	3583	2559	22	3652	2538
1024	3583	2559	440	3654	2533
1280	3583	2559	921	3655	2528
1536	3583	2559	1256	3657	2520
1792	3583	2559	1569	3658	2510
2048	3583	2559	1869	3659	2499
2303	3583	2559	2157	3660	2483
2559	3583	2559	2445	3660	2464
2815	3583	2559	2735	3658	2443
3071	3583	2559	3033	3652	2435
3327	3583	2559	3330	3643	2428
3583	3583	2559	3618	3628	2414
3839	3583	2559	3869	3605	2414
4095	3583	2559	4095	3577	2425
0	3839	2559	0	3875	2511
256	3839	2559	0	3876	2513
512	3839	2559	35	3877	2516
768	3839	2559	124	3878	2519
1024	3839	2559	531	3879	2519
1280	3839	2559	984	3880	2518
1536	3839	2559	1305	3881	2512
1792	3839	2559	1609	3882	2506
2048	3839	2559	1900	3882	2499
2303	3839	2559	2181	3883	2489
2559	3839	2559	2461	3883	2477
2815	3839	2559	2740	3883	2464
3071	3839	2559	3024	3880	2459
3327	3839	2559	3309	3875	2456
3583	3839	2559	3590	3870	2453
3839	3839	2559	3848	3856	2445
4095	3839	2559	4092	3836	2433
0	4095	2559	0	4094	2479
256	4095	2559	0	4095	2487
512	4095	2559	95	4095	2497
768	4095	2559	331	4095	2509
1024	4095	2559	723	4095	2518
1280	4095	2559	1126	4095	2524
1536	4095	2559	1419	4095	2524
1792	4095	2559	1702	4095	2524
2048	4095	2559	1979	4095	2524
2303	4095	2559	2248	4095	2524
2559	4095	2559	2516	4095	2524
2815	4095	2559	2783	4095	2524
3071	4095	2559	3047	4095	2524
3327	4095	2559	3310	4095	2524
3583	4095	2559	3572	4095	2525
3839	4095	2559	3830	4094	2508
4095	4095	2559	4086	4092	2479
0	0	2815	0	0	2947
256	0	2815	227	0	2927
512	0	2815	478	0	2916
768	0	2815	763	0	2918
1024	0	2815	1038	0	2919
1280	0	2815	1309	0	2920
1536	0	2815	1578	0	2920
1792	0	2815	1847	0	2921
2048	0	2815	2116	0	2922
2303	0	2815	2382	0	2921
2559	0	2815	2648	0	2919
2815	0	2815	2914	0	2916
3071	0	2815	3165	0	2901
3327	0	2815	3411	0	2883
3583	0	2815	3654	0	2864
3839	0	2815	3880	0	2846
4095	0	2815	4095	0	2827
0	256	2815	0	232	2972
256	256	2815	104	221	2978
512	256	2815	321	216	2976
768	256	2815	710	220	2963
1024	256	2815	1019	221	2954
1280	256	2815	1304	219	2946
1536	256	2815	1578	212	2943
1792	256	2815	1851	203	2941
2048	256	2815	2122	194	2938
2303	256	2815	2389	181	2935
2559	256	2815	2656	167	2930
2815	256	2815	2922	151	2925
3071	256	2815	3172	136	2908
3327	256	2815	3418	120	2887
3583	256	2815	3659	102	2868
3839	256	2815	3883	59	2850
4095	256	2815	4095	0	2833
0	512	2815	0	485	2986
256	512	2815	24	470	3006
512	512	2815	217	462	3013
768	512	2815	663	465	3000
1024	512	2815	994	463	2990
1280	512	2815	1293	458	2980
1536	512	2815	1575	451	2968
1792	512	2815	1853	440	2960
2048	512	2815	2126	427	2954
2303	512	2815	2395	409	2948
2559	512	2815	2664	390	2941
2815	512	2815	2930	367	2934
3071	512	2815	3180	346	2914
3327	512	2815	3425	324	2892
3583	512	2815	3665	299	2871
3839	512	2815	3887	234	2853
4095	512	2815	4095	142	2837
0	768	2815	0	769	2984
256	768	2815	11	761	3003
512	768	2815	190	754	3018
768	768	2815	622	747	3026
1024	768	2815	961	738	3028
1280	768	2815	1273	729	3023
1536	768	2815	1568	730	2995
1792	768	2815	1852	725	2978
2048	768	2815	2129	717	2968
2303	768	2815	2400	707	2959
2559	768	2815	2670	696	2951
2815	768	2815	2937	683	2942
3071	768	2815	3187	669	2921
3327	768	2815	3432	654	2897
3583	768	2815	3672	638	2874
3839	768	2815	3891	581	2855
4095	768	2815	4095	496	2839
0	1024	2815	0	1042	2981
256	1024	2815	5	1038	2998
512	1024	2815	177	1033	3012
768	1024	2815	602	1027	3024
1024	1024	2815	940	1018	3033
1280	1024	2815	1255	1009	3034
1536	1024	2815	1558	1010	3004
1792	1024	2815	1849	1004	2989
2048	1024	2815	2130	993	2985
2303	1024	2815	2404	986	2973
2559	1024	2815	2676	977	2961
2815	1024	2815	2944	967	2950
3071	1024	2815	3195	955	2926
3327	1024	2815	3440	941	2901
3583	1024	2815	3681	925	2877
3839	1024	2815	3897	885	2856
4095	1024	2815	4095	830	2837
0	1280	2815	0	1313	2977
256	1280	2815	1	1311	2992
512	1280	2815	169	1308	3005
768	1280	2815	584	1305	3015
1024	1280	2815	921	1297	3029
1280	1280	2815	1237	1291	3035
1536	1280	2815	1548	1289	3006
1792	1280	2815	1843	1281	2995
2048	1280	2815	2128	1268	2997
2303	1280	2815	2406	1260	2984
2559	1280	2815	2681	1252	2971
2815	1280	2815	2951	1243	2957
3071	1280	2815	3203	1230	2932
3327	1280	2815	3449	1215	2904
3583	1280	2815	3692	1196	2879
3839	1280	2815	3904	1174	2856
4095	1280	2815	4095	1150	2834
0	1536	2815	0	1581	2973
256	1536	2815	0	1580	2985
512	1536	2815	160	1579	2996
768	1536	2815	560	1577	3005
1024	1536	2815	898	1572	3016
1280	1536	2815	1219	1567	3021
1536	1536	2815	1534	1565	3001
1792	1536	2815	1832	1558	2991
2048	1536	2815	2120	1549	2989
2303	1536	2815	2402	1538	2983
2559	1536	2815	2682	1527	2975
2815	1536	2815	2957	1516	2963
3071	1536	2815	3210	1500	2936
3327	1536	2815	3458	1483	2906
3583	1536	2815	3706	1457	2881
3839	1536	2815	3914	1443	2855
4095	1536	2815	4095	1437	2829
0	1792	2815	0	1849	2967
256	1792	2815	0	1849	2976
512	1792	2815	151	1849	2985
768	1792	2815	528	1848	2992
1024	1792	2815	869	1845	3002
1280	1792	2815	1197	1842	3008
1536	1792	2815	1508	1838	3000
1792	1792	2815	1810	1833	2992
2048	1792	2815	2107	1826	2982
2303	1792	2815	2393	1815	2979
2559	1792	2815	2678	1803	2974
2815	1792	2815	2960	1788	2964
3071	1792	2815	3218	1769	2937
3327	1792	2815	3468	1749	2906
3583	1792	2815	3712	1727	2878
3839	1792	2815	3917	1717	2851
4095	1792	2815	4095	1716	2824
0	2048	2815	0	2117	2960
256	2048	2815	0	2117	2967
512	2048	2815	141	2118	2973
768	2048	2815	492	2118	2979
1024	2048	2815	836	2117	2986
1280	2048	2815	1170	2115	2994
1536	2048	2815	1474	2110	3003
1792	2048	2815	1782	2106	2995
2048	2048	2815	2092	2101	2975
2303	2048	2815	2382	2091	2973
2559	2048	2815	2672	2079	2969
2815	2048	2815	2961	2061	2963
3071	2048	2815	3225	2037	2936
3327	2048	2815	3478	2014	2904
3583	2048	2815	3712	2002	2871
3839	2048	2815	3914	1994	2843
4095	2048	2815	4095	1989	2818
0	2303	2815	0	2383	2949
256	2303	2815	0	2385	2955
512	2303	2815	126	2386	2960
768	2303	2815	440	2387	2964
1024	2303	2815	790	2386	2968
1280	2303	2815	1139	2385	2973
1536	2303	2815	1446	2383	2980
1792	2303	2815	1750	2380	2979
2048	2303	2815	2052	2375	2975
2303	2303	2815	2350	2362	2960
2559	2303	2815	2649	2349	2950
2815	2303	2815	2948	2338	2948
3071	2303	2815	3215	2314	2920
3327	2303	2815	3470	2290	2888
3583	2303	2815	3706	2275	2858
3839	2303	2815	3911	2264	2832
4095	2303	2815	4095	2256	2811
0	2559	2815	0	2650	2936
256	2559	2815	0	2652	2941
512	2559	2815	107	2654	2945
768	2559	2815	373	2655	2947
1024	2559	2815	734	2655	2949
1280	2559	2815	1105	2655	2952
1536	2559	2815	1415	2655	2955
1792	2559	2815	1718	2653	2958
2048	2559	2815	2015	2650	2961
2303	2559	2815	2315	2637	2942
2559	2559	2815	2615	2621	2925
2815	2559	2815	2911	2601	2910
3071	2559	2815	3192	2583	2889
3327	2559	2815	3461	2565	2866
3583	2559	2815	3699	2547	2841
3839	2559	2815	3907	2533	2820
4095	2559	2815	4095	2522	2802
0	2815	2815	0	2916	2922
256	2815	2815	0	2918	2924
512	2815	2815	81	2920	2926
768	2815	2815	284	2921	2927
1024	2815	2815	664	2922	2928
1280	2815	2815	1065	2923	2928
1536	2815	2815	1381	2923	2928
1792	2815	2815	1686	2923	2927
2048	2815	2815	1983	2923	2926
2303	2815	2815	2279	2919	2918
2559	2815	2815	2566	2895	2892
2815	2815	2815	2839	2842	2839
3071	2815	2815	3147	2838	2835
3327	2815	2815	3450	2839	2837
3583	2815	2815	3691	2818	2819
3839	2815	2815	3903	2801	2804
4095	2815	2815	4095	2787	2791
0	3071	2815	0	3164	2890
256	3071	2815	0	3166	2891
512	3071	2815	42	3168	2892
768	3071	2815	145	3170	2892
1024	3071	2815	559	3171	2891
1280	3071	2815	1016	3172	2890
1536	3071	2815	1339	3173	2888
1792	3071	2815	1646	3174	2884
2048	3071	2815	1943	3174	2879
2303	3071	2815	2235	3173	2870
2559	3071	2815	2524	3160	2849
2815	3071	2815	2806	3128	2808
3071	3071	2815	3117	3123	2801
3327	3071	2815	3422	3118	2798
3583	3071	2815	3678	3089	2780
3839	3071	2815	3898	3067	2774
4095	3071	2815	4095	3050	2777
0	3327	2815	0	3407	2854
256	3327	2815	0	3409	2855
512	3327	2815	6	3411	2855
768	3327	2815	21	3413	2854
1024	3327	2815	461	3414	2852
1280	3327	2815	964	3415	2849
1536	3327	2815	1294	3417	2845
1792	3327	2815	1604	3418	2838
2048	3327	2815	1902	3419	2831
2303	3327	2815	2190	3419	2818
2559	3327	2815	2482	3418	2803
2815	3327	2815	2778	3415	2783
3071	3327	2815	3084	3406	2769
3327	3327	2815	3386	3391	2756
3583	3327	2815	3659	3360	2738
3839	3327	2815	3890	3334	2741
4095	3327	2815	4095	3313	2759
0	3583	2815	0	3647	2820
256	3583	2815	0	3650	2820
512	3583	2815	2	3651	2819
768	3583	2815	6	3652	2818
1024	3583	2815	423	3653	2815
1280	3583	2815	907	3654	2811
1536	3583	2815	1246	3656	2805
1792	3583	2815	1562	3657	2798
2048	3583	2815	1861	3659	2789
2303	3583	2815	2149	3660	2775
2559	3583	2815	2439	3659	2759
2815	3583	2815	2730	3658	2740
3071	3583	2815	3029	3652	2727
3327	3583	2815	3329	3643	2716
3583	3583	2815	3618	3627	2704
3839	3583	2815	3869	3604	2709
4095	3583	2815	4095	3576	2727
0	3839	2815	0	3874	2787
256	3839	2815	0	3876	2791
512	3839	2815	46	3878	2795
768	3839	2815	160	3878	2797
1024	3839	2815	546	3879	2795
1280	3839	2815	974	3879	2793
1536	3839	2815	1299	3880	2789
1792	3839	2815	1604	3881	2784
2048	3839	2815	1896	3882	2778
2303	3839	2815	2176	3883	2769
2559	3839	2815	2457	3883	2759
2815	3839	2815	2737	3883	2747
3071	3839	2815	3022	3880	2739
3327	3839	2815	3308	3875	2732
3583	3839	2815	3591	3870	2726
3839	3839	2815	3850	3856	2716
4095	3839	2815	4091	3836	2704
0	4095	2815	0	4091	2753
256	4095	2815	0	4094	2765
512	4095	2815	122	4095	2776
768	4095	2815	426	4095	2785
1024	4095	2815	777	4095	2788
1280	4095	2815	1126	4095	2789
1536	4095	2815	1419	4095	2789
1792	4095	2815	1703	4095	2788
2048	4095	2815	1980	4095	2788
2303	4095	2815	2249	4095	2788
2559	4095	2815	2517	4095	2787
2815	4095	2815	2782	4095	2787
3071	4095	2815	3047	4095	2787
3327	4095	2815	3311	4095	2787
3583	4095	2815	3573	4095	2787
3839	4095	2815	3830	4095	2750
4095	4095	2815	4085	4095	2687
0	0	3071	0	0	3196
256	0	3071	216	0	3179
512	0	3071	462	0	3169
768	0	3071	751	0	3168
1024	0	3071	1026	0	3168
1280	0	3071	1298	0	3168
1536	0	3071	1566	0	3169
1792	0	3071	1834	0	3169
2048	0	3071	2101	0	3169
2303	0	3071	2366	0	3168
2559	0	3071	2632	0	3167
2815	0	3071	2897	0	3166
3071	0	3071	3155	0	3158
3327	0	3071	3409	0	3146
3583	0	3071	3653	0	3128
3839	0	3071	3880	0	3108
4095	0	3071	4095	0	3088
0	256	3071	0	220	3224
256	256	3071	88	211	3229
512	256	3071	298	207	3226
768	256	3071	691	211	3213
1024	256	3071	1003	215	3201
1280	256	3071	1291	216	3192
1536	256	3071	1564	209	3190
1792	256	3071	1835	201	3187
2048	256	3071	2105	193	3185
2303	256	3071	2371	181	3181
2559	256	3071	2638	167	3178
2815	256	3071	2904	151	3175
3071	256	3071	3162	133	3165
3327	256	3071	3415	115	3152
3583	256	3071	3658	97	3132
3839	256	3071	3883	56	3113
4095	256	3071	4095	0	3096
0	512	3071	0	468	3240
256	512	3071	8	455	3257
512	512	3071	191	448	3262
768	512	3071	638	452	3250
1024	512	3071	976	455	3233
1280	512	3071	1281	456	3218
1536	512	3071	1560	447	3211
1792	512	3071	1835	436	3205
2048	512	3071	2108	423	3200
2303	512	3071	2375	407	3194
2559	512	3071	2643	388	3189
2815	512	3071	2910	366	3184
3071	512	3071	3168	342	3172
3327	512	3071	3421	318	3157
3583	512	3071	3664	292	3136
3839	512	3071	3886	229	3118
4095	512	3071	4095	141	3102
0	768	3071	0	756	3238
256	768	3071	1	749	3254
512	768	3071	171	742	3266
768	768	3071	595	736	3275
1024	768	3071	944	734	3262
1280	768	3071	1266	732	3245
1536	768	3071	1553	727	3233
1792	768	3071	1833	720	3223
2048	768	3071	2109	711	3215
2303	768	3071	2379	702	3207
2559	768	3071	2648	691	3200
2815	768	3071	2916	679	3193
3071	768	3071	3175	665	3180
3327	768	3071	3428	650	3163
3583	768	3071	3670	635	3139
3839	768	3071	3890	578	3121
4095	768	3071	4095	494	3105
0	1024	3071	0	1030	3236
256	1024	3071	0	1026	3250
512	1024	3071	164	1021	3262
768	1024	3071	574	1015	3273
1024	1024	3071	923	1011	3268
1280	1024	3071	1248	1008	3257
1536	1024	3071	1544	1006	3237
1792	1024	3071	1830	1000	3228
2048	1024	3071	2108	990	3225
2303	1024	3071	2380	982	3217
2559	1024	3071	2652	972	3209
2815	1024	3071	2923	962	3203
3071	1024	3071	3182	950	3187
3327	1024	3071	3435	938	3169
3583	1024	3071	3677	924	3144
3839	1024	3071	3895	884	3122
4095	1024	3071	4095	828	3104
0	1280	3071	0	1301	3232
256	1280	3071	0	1299	3244
512	1280	3071	159	1296	3256
768	1280	3071	557	1292	3265
1024	1280	3071	902	1287	3268
1280	1280	3071	1228	1283	3264
1536	1280	3071	1534	1283	3238
1792	1280	3071	1825	1277	3228
2048	1280	3071	2105	1267	3230
2303	1280	3071	2380	1258	3224
2559	1280	3071	2655	1248	3217
2815	1280	3071	2928	1237	3211
3071	1280	3071	3188	1226	3195
3327	1280	3071	3443	1213	3174
3583	1280	3071	3687	1196	3148
3839	1280	3071	3901	1174	3124
4095	1280	3071	4095	1149	3101
0	1536	3071	0	1568	3227
256	1536	3071	0	1566	3237
512	1536	3071	152	1565	3247
768	1536	3071	532	1563	3256
1024	1536	3071	873	1559	3265
1280	1536	3071	1201	1555	3265
1536	1536	3071	1520	1555	3236
1792	1536	3071	1816	1550	3224
2048	1536	3071	2097	1543	3224
2303	1536	3071	2375	1534	3222
2559	1536	3071	2653	1523	3218
2815	1536	3071	2929	1512	3213
3071	1536	3071	3193	1498	3198
3327	1536	3071	3452	1480	3180
3583	1536	3071	3702	1455	3155
3839	1536	3071	3912	1442	3127
4095	1536	3071	4095	1436	3097
0	1792	3071	0	1835	3222
256	1792	3071	0	1834	3230
512	1792	3071	143	1833	3238
768	1792	3071	500	1832	3246
1024	1792	3071	842	1829	3255
1280	1792	3071	1177	1826	3258
1536	1792	3071	1499	1825	3236
1792	1792	3071	1800	1821	3224
2048	1792	3071	2088	1816	3219
2303	1792	3071	2367	1807	3218
2559	1792	3071	2648	1797	3216
2815	1792	3071	2928	1786	3213
3071	1792	3071	3196	1769	3199
3327	1792	3071	3458	1750	3180
3583	1792	3071	3707	1725	3154
3839	1792	3071	3914	1715	3124
4095	1792	3071	4095	1715	3092
0	2048	3071	0	2101	3216
256	2048	3071	0	2101	3222
512	2048	3071	133	2101	3229
768	2048	3071	464	2101	3235
1024	2048	3071	810	2099	3242
1280	2048	3071	1154	2097	3246
1536	2048	3071	1475	2094	3236
1792	2048	3071	1781	2091	3226
2048	2048	3071	2076	2087	3215
2303	2048	3071	2358	2079	3214
2559	2048	3071	2641	2070	3212
2815	2048	3071	2926	2058	3211
3071	2048	3071	3197	2040	3197
3327	2048	3071	3461	2021	3178
3583	2048	3071	3705	2003	3148
3839	2048	3071	3912	1993	3117
4095	2048	3071	4095	1989	3087
0	2303	3071	0	2365	3205
256	2303	3071	0	2366	3211
512	2303	3071	117	2367	3217
768	2303	3071	409	2367	3221
1024	2303	3071	762	2367	3226
1280	2303	3071	1120	2365	3231
1536	2303	3071	1434	2363	3231
1792	2303	3071	1743	2360	3225
2048	2303	3071	2049	2356	3215
2303	2303	3071	2339	2350	3209
2559	2303	3071	2628	2341	3205
2815	2303	3071	2916	2331	3203
3071	2303	3071	3190	2313	3188
3327	2303	3071	3455	2294	3168
3583	2303	3071	3699	2275	3137
3839	2303	3071	3909	2263	3108
4095	2303	3071	4095	2256	3080
0	2559	3071	0	2631	3194
256	2559	3071	0	2633	3199
512	2559	3071	97	2634	3203
768	2559	3071	338	2635	3206
1024	2559	3071	705	2635	3210
1280	2559	3071	1085	2634	3214
1536	2559	3071	1397	2633	3219
1792	2559	3071	1707	2631	3217
2048	2559	3071	2015	2628	3210
2303	2559	3071	2312	2622	3201
2559	2559	3071	2606	2612	3192
2815	2559	3071	2891	2596	3181
3071	2559	3071	3174	2582	3170
3327	2559	3071	3448	2567	3154
3583	2559	3071	3693	2546	3125
3839	2559	3071	3905	2532	3098
4095	2559	3071	4095	2522	3072
0	2815	3071	0	2898	3183
256	2815	3071	0	2900	3186
512	2815	3071	70	2901	3189
768	2815	3071	243	2902	3191
1024	2815	3071	631	2902	3193
1280	2815	3071	1048	2903	3195
1536	2815	3071	1365	2903	3197
1792	2815	3071	1671	2902	3198
2048	2815	3071	1971	2901	3199
2303	2815	3071	2275	2896	3189
2559	2815	3071	2569	2880	3170
2815	2815	3071	2844	2848	3140
3071	2815	3071	3144	2842	3138
3327	2815	3071	3438	2839	3137
3583	2815	3071	3685	2816	3109
3839	2815	3071	3901	2800	3085
4095	2815	3071	4095	2787	3063
0	3071	3071	0	3155	3161
256	3071	3071	0	3156	3163
512	3071	3071	33	3158	3164
768	3071	3071	115	3159	3165
1024	3071	3071	534	3160	3166
1280	3071	3071	1000	3161	3166
1536	3071	3071	1326	3161	3167
1792	3071	3071	1635	3162	3166
2048	3071	3071	1933	3162	3165
2303	3071	3071	2231	3159	3157
2559	3071	3071	2524	3150	3142
2815	3071	3071	2808	3130	3119
3071	3071	3071	3107	3116	3105
3327	3071	3071	3402	3101	3092
3583	3071	3071	3669	3083	3077
3839	3071	3071	3895	3066	3063
4095	3071	3071	4095	3050	3051
0	3327	3071	0	3406	3133
256	3327	3071	0	3408	3135
512	3327	3071	1	3410	3135
768	3327	3071	5	3411	3136
1024	3327	3071	444	3412	3135
1280	3327	3071	949	3413	3134
1536	3327	3071	1284	3414	3132
1792	3327	3071	1597	3415	3129
2048	3327	3071	1897	3416	3125
2303	3327	3071	2186	3416	3118
2559	3327	3071	2478	3415	3109
2815	3327	3071	2772	3412	3096
3071	3327	3071	3067	3389	3069
3327	3327	3071	3360	3363	3044
3583	3327	3071	3648	3350	3040
3839	3327	3071	3888	3333	3037
4095	3327	3071	4095	3313	3037
0	3583	3071	0	3646	3098
256	3583	3071	0	3648	3098
512	3583	3071	0	3650	3098
768	3583	3071	1	3651	3098
1024	3583	3071	411	3652	3096
1280	3583	3071	888	3653	3094
1536	3583	3071	1235	3655	3090
1792	3583	3071	1554	3656	3085
2048	3583	3071	1856	3657	3079
2303	3583	3071	2144	3658	3070
2559	3583	3071	2434	3658	3059
2815	3583	3071	2724	3656	3044
3071	3583	3071	3022	3646	3028
3327	3583	3071	3321	3633	3012
3583	3583	3071	3616	3623	2998
3839	3583	3071	3870	3603	3001
4095	3583	3071	4095	3575	3014
0	3839	3071	0	3874	3061
256	3839	3071	0	3876	3064
512	3839	3071	35	3877	3067
768	3839	3071	123	3878	3069
1024	3839	3071	518	3878	3070
1280	3839	3071	961	3879	3069
1536	3839	3071	1290	3880	3066
1792	3839	3071	1598	3881	3062
2048	3839	3071	1891	3882	3058
2303	3839	3071	2172	3882	3051
2559	3839	3071	2454	3882	3043
2815	3839	3071	2733	3882	3033
3071	3839	3071	3020	3878	3026
3327	3839	3071	3307	3874	3018
3583	3839	3071	3592	3869	3007
3839	3839	3071	3851	3855	3001
4095	3839	3071	4093	3836	2999
0	4095	3071	0	4093	3023
256	4095	3071	0	4094	3032
512	4095	3071	94	4095	3040
768	4095	3071	329	4095	3047
1024	4095	3071	720	4095	3051
1280	4095	3071	1123	4095	3053
1536	4095	3071	1416	4095	3053
1792	4095	3071	1700	4095	3052
2048	4095	3071	1978	4095	3052
2303	4095	3071	2247	4095	3051
2559	4095	3071	2516	4095	3051
2815	4095	3071	2782	4095	3050
3071	4095	3071	3047	4095	3050
3327	4095	3071	3310	4095	3049
3583	4095	3071	3573	4095	3049
3839	4095	3071	3832	4095	3026
4095	4095	3071	4090	4095	2989
0	0	3327	0	0	3444
256	0	3327	204	0	3430
512	0	3327	444	0	3420
768	0	3327	738	0	3416
1024	0	3327	1015	0	3415
1280	0	3327	1286	0	3415
1536	0	3327	1554	0	3416
1792	0	3327	1820	0	3415
2048	0	3327	2085	0	3414
2303	0	3327	2350	0	3414
2559	0	3327	2615	0	3414
2815	0	3327	2879	0	3412
3071	0	3327	3142	0	3411
3327	0	3327	3403	0	3406
3583	0	3327	3651	0	3390
3839	0	3327	3879	0	3370
4095	0	3327	4095	0	3348
0	256	3327	0	208	3475
256	256	3327	77	200	3479
512	256	3327	280	197	3475
768	256	3327	673	204	3460
1024	256	3327	988	210	3447
1280	256	3327	1278	213	3436
1536	256	3327	1550	207	3434
1792	256	3327	1820	200	3432
2048	256	3327	2088	191	3429
2303	256	3327	2353	180	3426
2559	256	3327	2619	167	3424
2815	256	3327	2884	152	3421
3071	256	3327	3148	132	3418
3327	256	3327	3408	112	3412
3583	256	3327	3656	92	3394
3839	256	3327	3882	52	3377
4095	256	3327	4095	0	3360
0	512	3327	0	450	3494
256	512	3327	0	439	3507
512	512	3327	177	434	3509
768	512	3327	618	440	3495
1024	512	3327	961	449	3472
1280	512	3327	1270	455	3452
1536	512	3327	1546	445	3450
1792	512	3327	1819	433	3447
2048	512	3327	2089	421	3443
2303	512	3327	2356	405	3438
2559	512	3327	2622	388	3434
2815	512	3327	2888	366	3430
3071	512	3327	3153	340	3426
3327	512	3327	3414	312	3418
3583	512	3327	3660	285	3399
3839	512	3327	3885	224	3383
4095	512	3327	4095	140	3369
0	768	3327	0	743	3492
256	768	3327	0	736	3503
512	768	3327	165	731	3512
768	768	3327	577	726	3516
1024	768	3327	934	733	3488
1280	768	3327	1264	738	3460
1536	768	3327	1541	728	3463
1792	768	3327	1816	718	3462
2048	768	3327	2089	709	3457
2303	768	3327	2358	699	3450
2559	768	3327	2626	688	3444
2815	768	3327	2893	675	3439
3071	768	3327	3159	661	3434
3327	768	3327	3420	647	3425
3583	768	3327	3666	631	3403
3839	768	3327	3888	575	3386
4095	768	3327	4095	491	3372
0	1024	3327	0	1018	3489
256	1024	3327	0	1014	3500
512	1024	3327	158	1010	3509
768	1024	3327	554	1005	3517
1024	1024	3327	912	1008	3495
1280	1024	3327	1248	1010	3471
1536	1024	3327	1534	1005	3465
1792	1024	3327	1812	998	3461
2048	1024	3327	2087	990	3458
2303	1024	3327	2357	981	3455
2559	1024	3327	2628	970	3451
2815	1024	3327	2897	958	3448
3071	1024	3327	3164	947	3441
3327	1024	3327	3426	937	3431
3583	1024	3327	3672	923	3408
3839	1024	3327	3892	883	3388
4095	1024	3327	4095	826	3370
0	1280	3327	0	1289	3485
256	1280	3327	0	1286	3495
512	1280	3327	152	1284	3504
768	1280	3327	533	1280	3512
1024	1280	3327	889	1279	3501
1280	1280	3327	1228	1279	3484
1536	1280	3327	1525	1279	3464
1792	1280	3327	1808	1275	3457
2048	1280	3327	2083	1268	3456
2303	1280	3327	2355	1258	3456
2559	1280	3327	2627	1247	3456
2815	1280	3327	2900	1233	3454
3071	1280	3327	3169	1223	3448
3327	1280	3327	3433	1213	3438
3583	1280	3327	3680	1197	3414
3839	1280	3327	3898	1175	3391
4095	1280	3327	4095	1148	3367
0	1536	3327	0	1555	3480
256	1536	3327	0	1553	3488
512	1536	3327	144	1552	3497
768	1536	3327	505	1550	3505
1024	1536	3327	855	1547	3505
1280	1536	3327	1195	1545	3498
1536	1536	3327	1510	1546	3467
1792	1536	3327	1802	1543	3455
2048	1536	3327	2078	1538	3454
2303	1536	3327	2350	1530	3454
2559	1536	3327	2624	1521	3454
2815	1536	3327	2897	1510	3453
3071	1536	3327	3170	1497	3451
3327	1536	3327	3440	1481	3445
3583	1536	3327	3693	1457	3423
3839	1536	3327	3907	1443	3395
4095	1536	3327	4095	1436	3364
0	1792	3327	0	1820	3475
256	1792	3327	0	1819	3482
512	1792	3327	135	1819	3489
768	1792	3327	471	1817	3497
1024	1792	3327	822	1815	3501
1280	1792	3327	1170	1813	3497
1536	1792	3327	1496	1813	3465
1792	1792	3327	1793	1811	3452
2048	1792	3327	2070	1807	3452
2303	1792	3327	2344	1800	3451
2559	1792	3327	2619	1793	3451
2815	1792	3327	2893	1783	3450
3071	1792	3327	3169	1770	3450
3327	1792	3327	3441	1753	3445
3583	1792	3327	3696	1728	3423
3839	1792	3327	3909	1717	3394
4095	1792	3327	4095	1715	3360
0	2048	3327	0	2086	3470
256	2048	3327	0	2085	3476
512	2048	3327	124	2085	3482
768	2048	3327	433	2084	3487
1024	2048	3327	790	2082	3490
1280	2048	3327	1151	2081	3486
1536	2048	3327	1482	2079	3460
1792	2048	3327	1783	2077	3450
2048	2048	3327	2062	2074	3449
2303	2048	3327	2337	2068	3449
2559	2048	3327	2613	2062	3448
2815	2048	3327	2888	2054	3447
3071	2048	3327	3165	2043	3446
3327	2048	3327	3438	2029	3441
3583	2048	3327	3693	2006	3418
3839	2048	3327	3907	1994	3388
4095	2048	3327	4095	1989	3355
0	2303	3327	0	2348	3459
256	2303	3327	0	2349	3465
512	2303	3327	107	2349	3471
768	2303	3327	374	2349	3476
1024	2303	3327	736	2348	3479
1280	2303	3327	1109	2346	3481
1536	2303	3327	1432	2344	3472
1792	2303	3327	1744	2342	3460
2048	2303	3327	2048	2339	3445
2303	2303	3327	2325	2334	3445
2559	2303	3327	2603	2329	3444
2815	2303	3327	2881	2322	3443
3071	2303	3327	3160	2312	3442
3327	2303	3327	3434	2299	3436
3583	2303	3327	3688	2277	3410
3839	2303	3327	3904	2263	3381
4095	2303	3327	4095	2256	3348
0	2559	3327	0	2611	3449
256	2559	3327	0	2613	3454
512	2559	3327	85	2614	3458
768	2559	3327	298	2614	3463
1024	2559	3327	673	2614	3467
1280	2559	3327	1068	2613	3471
1536	2559	3327	1389	2611	3472
1792	2559	3327	1706	2609	3463
2048	2559	3327	2019	2606	3446
2303	2559	3327	2306	2602	3442
2559	2559	3327	2590	2596	3439
2815	2559	3327	2870	2590	3438
3071	2559	3327	3152	2581	3436
3327	2559	3327	3429	2569	3429
3583	2559	3327	3683	2547	3402
3839	2559	3327	3901	2532	3372
4095	2559	3327	4095	2522	3342
0	2815	3327	0	2877	3439
256	2815	3327	0	2877	3442
512	2815	3327	56	2878	3445
768	2815	3327	197	2880	3448
1024	2815	3327	595	2880	3451
1280	2815	3327	1030	2879	3454
1536	2815	3327	1358	2878	3454
1792	2815	3327	1668	2877	3454
2048	2815	3327	1967	2875	3454
2303	2815	3327	2274	2870	3441
2559	2815	3327	2573	2864	3433
2815	2815	3327	2856	2859	3431
3071	2815	3327	3142	2850	3429
3327	2815	3327	3422	2838	3421
3583	2815	3327	3676	2816	3391
3839	2815	3327	3897	2799	3362
4095	2815	3327	4095	2787	3334
0	3071	3327	0	3141	3426
256	3071	3327	0	3142	3428
512	3071	3327	25	3144	3430
768	3071	3327	88	3145	3432
1024	3071	3327	509	3145	3434
1280	3071	3327	983	3145	3436
1536	3071	3327	1317	3145	3436
1792	3071	3327	1631	3145	3437
2048	3071	3327	1933	3144	3437
2303	3071	3327	2234	3141	3429
2559	3071	3327	2530	3137	3423
2815	3071	3327	2817	3133	3420
3071	3071	3327	3100	3110	3400
3327	3071	3327	3380	3086	3378
3583	3071	3327	3658	3078	3367
3839	3071	3327	3891	3066	3348
4095	3071	3327	4095	3050	3324
0	3327	3327	0	3401	3408
256	3327	3327	0	3403	3410
512	3327	3327	0	3404	3411
768	3327	3327	0	3405	3412
1024	3327	3327	432	3406	3413
1280	3327	3327	932	3407	3413
1536	3327	3327	1272	3408	3414
1792	3327	3327	1592	3408	3412
2048	3327	3327	1900	3408	3410
2303	3327	3327	2189	3408	3408
2559	3327	3327	2480	3406	3404
2815	3327	3327	2771	3403	3399
3071	3327	3327	3052	3370	3365
3327	3327	3327	3335	3337	3332
3583	3327	3327	3637	3342	3336
3839	3327	3327	3884	3332	3328
4095	3327	3327	4095	3313	3313
0	3583	3327	0	3644	3373
256	3583	3327	0	3645	3375
512	3583	3327	0	3647	3376
768	3583	3327	0	3649	3376
1024	3583	3327	399	3650	3376
1280	3583	3327	869	3651	3375
1536	3583	3327	1222	3652	3374
1792	3583	3327	1547	3653	3371
2048	3583	3327	1853	3653	3368
2303	3583	3327	2142	3654	3362
2559	3583	3327	2431	3654	3356
2815	3583	3327	2719	3652	3346
3071	3583	3327	3015	3638	3330
3327	3583	3327	3314	3624	3312
3583	3583	3327	3614	3619	3297
3839	3583	3327	3869	3601	3293
4095	3583	3327	4095	3574	3297
0	3839	3327	0	3874	3335
256	3839	3327	0	3875	3337
512	3839	3327	24	3876	3339
768	3839	3327	85	3877	3342
1024	3839	3327	489	3878	3343
1280	3839	3327	946	3878	3344
1536	3839	3327	1281	3879	3342
1792	3839	3327	1592	3880	3340
2048	3839	3327	1887	3880	3337
2303	3839	3327	2169	3881	3333
2559	3839	3327	2450	3881	3328
2815	3839	3327	2730	3881	3321
3071	3839	3327	3018	3877	3315
3327	3839	3327	3307	3872	3307
3583	3839	3327	3592	3867	3292
3839	3839	3327	3852	3854	3290
4095	3839	3327	4095	3835	3295
0	4095	3327	0	4095	3295
256	4095	3327	0	4095	3298
512	4095	3327	65	4095	3302
768	4095	3327	228	4095	3308
1024	4095	3327	660	4095	3313
1280	4095	3327	1118	4095	3317
1536	4095	3327	1413	4095	3316
1792	4095	3327	1698	4095	3316
2048	4095	3327	1976	4095	3315
2303	4095	3327	2245	4095	3314
2559	4095	3327	2514	4095	3314
2815	4095	3327	2782	4095	3313
3071	4095	3327	3046	4095	3312
3327	4095	3327	3310	4095	3311
3583	4095	3327	3573	4095	3311
3839	4095	3327	3834	4095	3307
4095	4095	3327	4094	4095	3302
0	0	3583	0	0	3687
256	0	3583	190	0	3676
512	0	3583	424	0	3667
768	0	3583	723	0	3660
1024	0	3583	1002	0	3659
1280	0	3583	1274	0	3659
1536	0	3583	1541	0	3659
1792	0	3583	1807	0	3658
2048	0	3583	2071	0	3657
2303	0	3583	2334	0	3658
2559	0	3583	2598	0	3658
2815	0	3583	2861	0	3656
3071	0	3583	3124	0	3654
3327	0	3583	3385	0	3652
3583	0	3583	3642	0	3645
3839	0	3583	3876	0	3629
4095	0	3583	4095	0	3606
0	256	3583	0	196	3724
256	256	3583	71	189	3725
512	256	3583	270	189	3718
768	256	3583	661	200	3699
1024	256	3583	975	207	3687
1280	256	3583	1265	210	3677
1536	256	3583	1537	205	3675
1792	256	3583	1805	198	3673
2048	256	3583	2072	190	3670
2303	256	3583	2336	179	3669
2559	256	3583	2601	167	3666
2815	256	3583	2864	152	3663
3071	256	3583	3127	133	3661
3327	256	3583	3389	113	3658
3583	256	3583	3646	88	3650
3839	256	3583	3879	49	3639
4095	256	3583	4095	0	3626
0	512	3583	0	432	3745
256	512	3583	0	423	3753
512	512	3583	176	423	3748
768	512	3583	617	437	3725
1024	512	3583	955	446	3704
1280	512	3583	1260	452	3687
1536	512	3583	1534	443	3685
1792	512	3583	1804	433	3682
2048	512	3583	2073	422	3679
2303	512	3583	2338	406	3677
2559	512	3583	2603	388	3674
2815	512	3583	2868	366	3672
3071	512	3583	3132	341	3668
3327	512	3583	3394	313	3664
3583	512	3583	3651	281	3655
3839	512	3583	3882	220	3646
4095	512	3583	4095	140	3637
0	768	3583	0	730	3742
256	768	3583	0	724	3751
512	768	3583	171	722	3749
768	768	3583	598	727	3732
1024	768	3583	944	735	3706
1280	768	3583	1260	741	3683
1536	768	3583	1532	734	3684
1792	768	3583	1803	726	3683
2048	768	3583	2072	718	3682
2303	768	3583	2338	707	3680
2559	768	3583	2604	692	3680
2815	768	3583	2871	673	3680
3071	768	3583	3136	658	3676
3327	768	3583	3398	644	3670
3583	768	3583	3656	628	3661
3839	768	3583	3885	572	3650
4095	768	3583	4095	489	3638
0	1024	3583	0	1006	3739
256	1024	3583	0	1002	3747
512	1024	3583	161	1000	3748
768	1024	3583	562	1001	3741
1024	1024	3583	920	1007	3712
1280	1024	3583	1253	1012	3685
1536	1024	3583	1529	1008	3683
1792	1024	3583	1800	1002	3682
2048	1024	3583	2070	996	3681
2303	1024	3583	2336	987	3681
2559	1024	3583	2603	976	3680
2815	1024	3583	2871	962	3681
3071	1024	3583	3136	950	3678
3327	1024	3583	3401	938	3673
3583	1024	3583	3661	922	3666
3839	1024	3583	3889	881	3653
4095	1024	3583	4095	824	3636
0	1280	3583	0	1276	3735
256	1280	3583	0	1274	3742
512	1280	3583	149	1272	3747
768	1280	3583	523	1270	3748
1024	1280	3583	893	1274	3719
1280	1280	3583	1244	1278	3688
1536	1280	3583	1524	1276	3682
1792	1280	3583	1797	1273	3680
2048	1280	3583	2067	1268	3680
2303	1280	3583	2334	1261	3680
2559	1280	3583	2602	1253	3680
2815	1280	3583	2869	1244	3679
3071	1280	3583	3136	1233	3677
3327	1280	3583	3402	1221	3675
3583	1280	3583	3665	1201	3670
3839	1280	3583	3892	1176	3655
4095	1280	3583	4095	1147	3633
0	1536	3583	0	1542	3729
256	1536	3583	0	1541	3736
512	1536	3583	138	1539	3743
768	1536	3583	481	1537	3748
1024	1536	3583	862	1539	3721
1280	1536	3583	1231	1542	3691
1536	1536	3583	1516	1541	3682
1792	1536	3583	1792	1538	3679
2048	1536	3583	2063	1534	3678
2303	1536	3583	2331	1529	3678
2559	1536	3583	2599	1523	3678
2815	1536	3583	2867	1515	3678
3071	1536	3583	3135	1505	3677
3327	1536	3583	3403	1493	3675
3583	1536	3583	3667	1476	3670
3839	1536	3583	3893	1456	3653
4095	1536	3583	4095	1435	3630
0	1792	3583	0	1806	3724
256	1792	3583	0	1806	3730
512	1792	3583	126	1805	3737
768	1792	3583	439	1803	3743
1024	1792	3583	830	1804	3719
1280	1792	3583	1217	1805	3691
1536	1792	3583	1507	1804	3681
1792	1792	3583	1786	1802	3677
2048	1792	3583	2058	1799	3677
2303	1792	3583	2326	1795	3676
2559	1792	3583	2595	1790	3676
2815	1792	3583	2864	1783	3676
3071	1792	3583	3133	1774	3676
3327	1792	3583	3402	1764	3674
3583	1792	3583	3666	1749	3668
3839	1792	3583	3893	1732	3651
4095	1792	3583	4095	1714	3626
0	2048	3583	0	2071	3720
256	2048	3583	0	2070	3724
512	2048	3583	113	2069	3729
768	2048	3583	396	2068	3736
1024	2048	3583	798	2068	3713
1280	2048	3583	1202	2068	3688
1536	2048	3583	1497	2067	3679
1792	2048	3583	1779	2065	3675
2048	2048	3583	2052	2063	3675
2303	2048	3583	2321	2059	3675
2559	2048	3583	2591	2055	3674
2815	2048	3583	2860	2050	3674
3071	2048	3583	3130	2042	3674
3327	2048	3583	3400	2033	3672
3583	2048	3583	3664	2020	3665
3839	2048	3583	3892	2005	3647
4095	2048	3583	4095	1988	3622
0	2303	3583	0	2331	3710
256	2303	3583	0	2332	3715
512	2303	3583	95	2332	3720
768	2303	3583	334	2332	3725
1024	2303	3583	721	2331	3719
1280	2303	3583	1126	2330	3707
1536	2303	3583	1460	2329	3687
1792	2303	3583	1762	2327	3676
2048	2303	3583	2043	2325	3672
2303	2303	3583	2313	2322	3672
2559	2303	3583	2584	2318	3672
2815	2303	3583	2855	2313	3671
3071	2303	3583	3126	2307	3671
3327	2303	3583	3396	2298	3669
3583	2303	3583	3662	2286	3662
3839	2303	3583	3891	2271	3643
4095	2303	3583	4095	2255	3616
0	2559	3583	0	2593	3700
256	2559	3583	0	2594	3705
512	2559	3583	71	2595	3709
768	2559	3583	250	2595	3714
1024	2559	3583	638	2595	3717
1280	2559	3583	1063	2593	3714
1536	2559	3583	1426	2591	3689
1792	2559	3583	1742	2590	3676
2048	2559	3583	2028	2588	3671
2303	2559	3583	2302	2585	3669
2559	2559	3583	2576	2582	3668
2815	2559	3583	2848	2578	3668
3071	2559	3583	3120	2572	3667
3327	2559	3583	3392	2564	3665
3583	2559	3583	3659	2552	3658
3839	2559	3583	3889	2538	3638
4095	2559	3583	4095	2522	3610
0	2815	3583	0	2856	3689
256	2815	3583	0	2857	3693
512	2815	3583	38	2858	3697
768	2815	3583	134	2859	3701
1024	2815	3583	548	2859	3704
1280	2815	3583	1019	2858	3703
1536	2815	3583	1396	2855	3683
1792	2815	3583	1718	2853	3673
2048	2815	3583	2005	2851	3671
2303	2815	3583	2286	2849	3667
2559	2815	3583	2565	2845	3665
2815	2815	3583	2838	2842	3664
3071	2815	3583	3113	2836	3663
3327	2815	3583	3386	2829	3661
3583	2815	3583	3654	2818	3652
3839	2815	3583	3886	2803	3631
4095	2815	3583	4095	2786	3602
0	3071	3583	0	3119	3678
256	3071	3583	0	3120	3681
512	3071	3583	16	3121	3683
768	3071	3583	55	3122	3686
1024	3071	3583	479	3122	3689
1280	3071	3583	966	3122	3689
1536	3071	3583	1326	3121	3681
1792	3071	3583	1659	3119	3673
2048	3071	3583	1975	3116	3666
2303	3071	3583	2260	3114	3662
2559	3071	3583	2542	3111	3659
2815	3071	3583	2818	3108	3658
3071	3071	3583	3093	3099	3652
3327	3071	3583	3368	3088	3645
3583	3071	3583	3645	3081	3641
3839	3071	3583	3883	3067	3623
4095	3071	3583	4095	3050	3594
0	3327	3583	0	3381	3665
256	3327	3583	0	3382	3666
512	3327	3583	0	3383	3668
768	3327	3583	0	3384	3670
1024	3327	3583	421	3385	3671
1280	3327	3583	910	3385	3673
1536	3327	3583	1253	3385	3675
1792	3327	3583	1594	3384	3669
2048	3327	3583	1934	3380	3659
2303	3327	3583	2222	3379	3655
2559	3327	3583	2508	3377	3652
2815	3327	3583	2787	3375	3650
3071	3327	3583	3066	3362	3639
3327	3327	3583	3346	3349	3628
3583	3327	3583	3632	3345	3628
3839	3327	3583	3878	3332	3611
4095	3327	3583	4095	3312	3585
0	3583	3583	0	3638	3645
256	3583	3583	0	3639	3646
512	3583	3583	0	3640	3647
768	3583	3583	0	3641	3648
1024	3583	3583	388	3642	3649
1280	3583	3583	848	3643	3649
1536	3583	3583	1207	3643	3650
1792	3583	3583	1541	3644	3648
2048	3583	3583	1859	3643	3644
2303	3583	3583	2148	3643	3641
2559	3583	3583	2436	3642	3638
2815	3583	3583	2722	3641	3634
3071	3583	3583	3019	3633	3625
3327	3583	3583	3317	3624	3615
3583	3583	3583	3611	3617	3606
3839	3583	3583	3866	3599	3591
4095	3583	3583	4095	3574	3572
0	3839	3583	0	3873	3613
256	3839	3583	0	3874	3614
512	3839	3583	33	3875	3615
768	3839	3583	115	3876	3617
1024	3839	3583	497	3876	3617
1280	3839	3583	931	3877	3618
1536	3839	3583	1271	3877	3617
1792	3839	3583	1586	3878	3617
2048	3839	3583	1883	3878	3616
2303	3839	3583	2165	3879	3614
2559	3839	3583	2447	3879	3612
2815	3839	3583	2727	3878	3609
3071	3839	3583	3017	3874	3603
3327	3839	3583	3307	3869	3597
3583	3839	3583	3591	3864	3588
3839	3839	3583	3851	3852	3578
4095	3839	3583	4095	3835	3566
0	4095	3583	0	4095	3574
256	4095	3583	0	4095	3575
512	4095	3583	88	4095	3576
768	4095	3583	307	4095	3578
1024	4095	3583	700	4095	3580
1280	4095	3583	1109	4095	3581
1536	4095	3583	1408	4095	3580
1792	4095	3583	1695	4095	3580
2048	4095	3583	1974	4095	3579
2303	4095	3583	2244	4095	3578
2559	4095	3583	2513	4095	3577
2815	4095	3583	2780	4095	3576
3071	4095	3583	3045	4095	3575
3327	4095	3583	3310	4095	3574
3583	4095	3583	3572	4095	3573
3839	4095	3583	3834	4095	3569
4095	4095	3583	4095	4095	3564
0	0	3839	49	16	3901
256	0	3839	233	8	3895
512	0	3839	457	5	3889
768	0	3839	743	9	3885
1024	0	3839	1012	6	3884
1280	0	3839	1276	4	3884
1536	0	3839	1539	5	3884
1792	0	3839	1799	3	3883
2048	0	3839	2059	0	3882
2303	0	3839	2320	0	3883
2559	0	3839	2581	0	3883
2815	0	3839	2842	0	3881
3071	0	3839	3101	0	3881
3327	0	3839	3360	0	3880
3583	0	3839	3618	0	3877
3839	0	3839	3862	0	3868
4095	0	3839	4095	0	3854
0	256	3839	18	219	3925
256	256	3839	139	211	3925
512	256	3839	349	210	3920
768	256	3839	694	219	3907
1024	256	3839	988	222	3900
1280	256	3839	1266	222	3894
1536	256	3839	1532	219	3893
1792	256	3839	1796	213	3892
2048	256	3839	2059	206	3890
2303	256	3839	2320	197	3889
2559	256	3839	2582	188	3888
2815	256	3839	2843	177	3886
3071	256	3839	3104	162	3885
3327	256	3839	3364	145	3883
3583	256	3839	3624	124	3881
3839	256	3839	3866	86	3875
4095	256	3839	4095	37	3868
0	512	3839	0	456	3939
256	512	3839	82	448	3943
512	512	3839	283	448	3938
768	512	3839	661	458	3921
1024	512	3839	972	463	3908
1280	512	3839	1260	466	3899
1536	512	3839	1528	460	3897
1792	512	3839	1794	453	3896
2048	512	3839	2059	444	3894
2303	512	3839	2321	432	3893
2559	512	3839	2583	418	3892
2815	512	3839	2845	401	3891
3071	512	3839	3107	381	3889
3327	512	3839	3368	358	3887
3583	512	3839	3629	330	3884
3839	512	3839	3869	273	3881
4095	512	3839	4095	198	3876
0	768	3839	0	740	3937
256	768	3839	80	735	3942
512	768	3839	279	734	3938
768	768	3839	654	739	3922
1024	768	3839	968	744	3906
1280	768	3839	1261	747	3893
1536	768	3839	1528	743	3893
1792	768	3839	1794	738	3893
2048	768	3839	2058	732	3893
2303	768	3839	2320	723	3893
2559	768	3839	2583	712	3894
2815	768	3839	2847	696	3896
3071	768	3839	3109	684	3894
3327	768	3839	3370	672	3891
3583	768	3839	3632	658	3888
3839	768	3839	3871	612	3883
4095	768	3839	4095	545	3876
0	1024	3839	0	1009	3935
256	1024	3839	79	1006	3939
512	1024	3839	270	1005	3938
768	1024	3839	628	1006	3930
1024	1024	3839	953	1010	3910
1280	1024	3839	1259	1014	3892
1536	1024	3839	1526	1011	3892
1792	1024	3839	1792	1007	3892
2048	1024	3839	2056	1003	3892
2303	1024	3839	2318	997	3892
2559	1024	3839	2582	989	3893
2815	1024	3839	2845	978	3894
3071	1024	3839	3108	969	3893
3327	1024	3839	3371	959	3892
3583	1024	3839	3634	945	3891
3839	1024	3839	3873	913	3885
4095	1024	3839	4095	868	3875
0	1280	3839	0	1274	3932
256	1280	3839	78	1272	3936
512	1280	3839	260	1271	3938
768	1280	3839	598	1270	3937
1024	1280	3839	934	1273	3914
1280	1280	3839	1256	1277	3891
1536	1280	3839	1524	1275	3891
1792	1280	3839	1790	1272	3891
2048	1280	3839	2054	1269	3891
2303	1280	3839	2317	1265	3891
2559	1280	3839	2580	1260	3891
2815	1280	3839	2843	1254	3891
3071	1280	3839	3106	1246	3891
3327	1280	3839	3370	1237	3891
3583	1280	3839	3636	1221	3893
3839	1280	3839	3874	1201	3886
4095	1280	3839	4095	1177	3873
0	1536	3839	0	1536	3929
256	1536	3839	77	1535	3933
512	1536	3839	250	1534	3937
768	1536	3839	568	1533	3939
1024	1536	3839	914	1535	3915
1280	1536	3839	1251	1538	3891
1536	1536	3839	1520	1536	3891
1792	1536	3839	1787	1534	3891
2048	1536	3839	2052	1532	3891
2303	1536	3839	2315	1528	3891
2559	1536	3839	2578	1524	3891
2815	1536	3839	2841	1520	3891
3071	1536	3839	3105	1513	3890
3327	1536	3839	3369	1506	3891
3583	1536	3839	3633	1495	3891
3839	1536	3839	3873	1479	3883
4095	1536	3839	4095	1458	3871
0	1792	3839	0	1797	3926
256	1792	3839	75	1797	3929
512	1792	3839	240	1796	3933
768	1792	3839	538	1795	3937
1024	1792	3839	894	1796	3914
1280	1792	3839	1245	1798	3891
1536	1792	3839	1515	1796	3890
1792	1792	3839	1783	1795	3890
2048	1792	3839	2049	1793	3890
2303	1792	3839	2312	1790	3890
2559	1792	3839	2576	1787	3890
2815	1792	3839	2839	1783	3890
3071	1792	3839	3103	1778	3890
3327	1792	3839	3367	1772	3889
3583	1792	3839	3632	1764	3889
3839	1792	3839	3872	1750	3882
4095	1792	3839	4095	1732	3869
0	2048	3839	0	2058	3923
256	2048	3839	73	2058	3925
512	2048	3839	229	2057	3929
768	2048	3839	509	2057	3932
1024	2048	3839	873	2057	3912
1280	2048	3839	1236	2057	3891
1536	2048	3839	1510	2056	3890
1792	2048	3839	1779	2055	3889
2048	2048	3839	2045	2054	3889
2303	2048	3839	2309	2051	3889
2559	2048	3839	2573	2049	3889
2815	2048	3839	2837	2046	3889
3071	2048	3839	3101	2041	3889
3327	2048	3839	3365	2036	3888
3583	2048	3839	3630	2029	3888
3839	2048	3839	3871	2017	3880
4095	2048	3839	4095	2000	3866
0	2303	3839	0	2316	3917
256	2303	3839	72	2317	3920
512	2303	3839	216	2317	3923
768	2303	3839	467	2317	3926
1024	2303	3839	818	2316	3920
1280	2303	3839	1180	2316	3909
1536	2303	3839	1489	2315	3894
1792	2303	3839	1773	2314	3887
2048	2303	3839	2040	2312	3887
2303	2303	3839	2304	2311	3887
2559	2303	3839	2569	2308	3887
2815	2303	3839	2834	2306	3887
3071	2303	3839	3098	2302	3887
3327	2303	3839	3363	2297	3887
3583	2303	3839	3629	2291	3887
3839	2303	3839	3870	2279	3878
4095	2303	3839	4095	2263	3862
0	2559	3839	0	2575	3911
256	2559	3839	70	2577	3914
512	2559	3839	198	2577	3917
768	2559	3839	412	2577	3919
1024	2559	3839	760	2577	3921
1280	2559	3839	1133	2576	3918
1536	2559	3839	1469	2574	3896
1792	2559	3839	1765	2573	3887
2048	2559	3839	2034	2572	3886
2303	2559	3839	2299	2571	3886
2559	2559	3839	2564	2569	3886
2815	2559	3839	2829	2566	3886
3071	2559	3839	3095	2563	3886
3327	2559	3839	3360	2559	3885
3583	2559	3839	3627	2553	3886
3839	2559	3839	3869	2542	3876
4095	2559	3839	4095	2527	3859
0	2815	3839	0	2835	3904
256	2815	3839	68	2836	3907
512	2815	3839	173	2837	3909
768	2815	3839	334	2838	3912
1024	2815	3839	700	2837	3914
1280	2815	3839	1103	2837	3912
1536	2815	3839	1450	2834	3894
1792	2815	3839	1752	2833	3886
2048	2815	3839	2026	2832	3884
2303	2815	3839	2292	2831	3884
2559	2815	3839	2558	2829	3884
2815	2815	3839	2824	2827	3884
3071	2815	3839	3090	2824	3884
3327	2815	3839	3356	2820	3883
3583	2815	3839	3624	2815	3883
3839	2815	3839	3867	2805	3872
4095	2815	3839	4095	2792	3854
0	3071	3839	0	3094	3897
256	3071	3839	60	3096	3899
512	3071	3839	151	3097	3901
768	3071	3839	290	3098	3903
1024	3071	3839	660	3098	3905
1280	3071	3839	1069	3098	3905
1536	3071	3839	1399	3096	3897
1792	3071	3839	1710	3095	3891
2048	3071	3839	2008	3092	3884
2303	3071	3839	2279	3091	3883
2559	3071	3839	2549	3089	3882
2815	3071	3839	2816	3088	3881
3071	3071	3839	3083	3085	3881
3327	3071	3839	3350	3082	3881
3583	3071	3839	3620	3077	3880
3839	3071	3839	3865	3067	3869
4095	3071	3839	4095	3053	3849
0	3327	3839	0	3354	3890
256	3327	3839	46	3355	3891
512	3327	3839	127	3357	3892
768	3327	3839	261	3358	3894
1024	3327	3839	629	3358	3895
1280	3327	3839	1033	3358	3896
1536	3327	3839	1346	3359	3898
1792	3327	3839	1662	3357	3893
2048	3327	3839	1980	3354	3884
2303	3327	3839	2256	3353	3882
2559	3327	3839	2531	3351	3880
2815	3327	3839	2799	3350	3879
3071	3327	3839	3070	3347	3878
3327	3327	3839	3341	3344	3877
3583	3327	3839	3613	3339	3876
3839	3327	3839	3862	3328	3864
4095	3327	3839	4095	3313	3844
0	3583	3839	0	3613	3881
256	3583	3839	13	3615	3882
512	3583	3839	88	3616	3883
768	3583	3839	257	3618	3884
1024	3583	3839	611	3618	3884
1280	3583	3839	995	3619	3885
1536	3583	3839	1319	3619	3886
1792	3583	3839	1628	3619	3885
2048	3583	3839	1926	3619	3882
2303	3583	3839	2204	3618	3881
2559	3583	3839	2480	3618	3880
2815	3583	3839	2755	3617	3879
3071	3583	3839	3037	3613	3875
3327	3583	3839	3321	3609	3871
3583	3583	3839	3600	3603	3867
3839	3583	3839	3855	3591	3855
4095	3583	3839	4095	3574	3837
0	3839	3839	0	3856	3862
256	3839	3839	0	3858	3863
512	3839	3839	93	3860	3864
768	3839	3839	325	3861	3865
1024	3839	3839	678	3862	3865
1280	3839	3839	1047	3862	3865
1536	3839	3839	1361	3863	3865
1792	3839	3839	1656	3863	3865
2048	3839	3839	1937	3863	3865
2303	3839	3839	2211	3863	3865
2559	3839	3839	2485	3863	3864
2815	3839	3839	2757	3863	3863
3071	3839	3839	3035	3860	3860
3327	3839	3839	3313	3857	3856
3583	3839	3839	3587	3854	3852
3839	3839	3839	3846	3846	3844
4095	3839	3839	4095	3835	3833
0	4095	3839	0	4090	3835
256	4095	3839	0	4091	3837
512	4095	3839	127	4093	3838
768	4095	3839	443	4094	3839
1024	4095	3839	803	4094	3839
1280	4095	3839	1158	4094	3839
1536	4095	3839	1449	4094	3839
1792	4095	3839	1725	4095	3839
2048	4095	3839	1992	4095	3838
2303	4095	3839	2259	4094	3837
2559	4095	3839	2525	4094	3837
2815	4095	3839	2790	4095	3836
3071	4095	3839	3052	4095	3836
3327	4095	3839	3314	4095	3835
3583	4095	3839	3575	4095	3834
3839	4095	3839	3835	4095	3832
4095	4095	3839	4095	4095	3829
0	0	4095	132	41	4095
256	0	4095	314	20	4095
512	0	4095	527	12	4095
768	0	4095	787	23	4095
1024	0	4095	1037	17	4095
1280	0	4095	1287	10	4095
1536	0	4095	1543	13	4095
1792	0	4095	1797	9	4095
2048	0	4095	2050	0	4095
2303	0	4095	2305	0	4095
2559	0	4095	2563	0	4095
2815	0	4095	2822	0	4095
3071	0	4095	3076	0	4095
3327	0	4095	3330	0	4095
3583	0	4095	3585	0	4095
3839	0	4095	3840	0	4095
4095	0	4095	4095	0	4095
0	256	4095	49	268	4095
256	256	4095	255	256	4095
512	256	4095	486	250	4095
768	256	4095	756	252	4095
1024	256	4095	1016	249	4095
1280	256	4095	1275	245	4095
1536	256	4095	1533	244	4095
1792	256	4095	1791	240	4095
2048	256	4095	2048	233	4095
2303	256	4095	2305	229	4095
2559	256	4095	2563	224	4095
2815	256	4095	2822	217	4095
3071	256	4095	3078	209	4095
3327	256	4095	3335	199	4095
3583	256	4095	3593	186	4095
3839	256	4095	3846	150	4095
4095	256	4095	4095	98	4095
0	512	4095	0	507	4095
256	512	4095	218	501	4095
512	512	4095	460	497	4095
768	512	4095	736	495	4095
1024	512	4095	1003	493	4095
1280	512	4095	1267	491	4095
1536	512	4095	1527	488	4095
1792	512	4095	1787	485	4095
2048	512	4095	2046	480	4095
2303	512	4095	2304	474	4095
2559	512	4095	2563	467	4095
2815	512	4095	2821	459	4095
3071	512	4095	3080	447	4095
3327	512	4095	3339	434	4095
3583	512	4095	3597	416	4095
3839	512	4095	3849	366	4095
4095	512	4095	4095	295	4095
0	768	4095	0	766	4095
256	768	4095	215	762	4095
512	768	4095	455	759	4095
768	768	4095	735	758	4095
1024	768	4095	1002	757	4095
1280	768	4095	1266	756	4095
1536	768	4095	1527	754	4095
1792	768	4095	1787	752	4095
2048	768	4095	2046	749	4095
2303	768	4095	2304	745	4095
2559	768	4095	2562	741	4095
2815	768	4095	2821	736	4095
3071	768	4095	3080	729	4095
3327	768	4095	3338	721	4095
3583	768	4095	3597	711	4095
3839	768	4095	3848	683	4095
4095	768	4095	4095	642	4095
0	1024	4095	0	1023	4095
256	1024	4095	212	1020	4095
512	1024	4095	451	1018	4095
768	1024	4095	732	1017	4095
1024	1024	4095	1001	1017	4095
1280	1024	4095	1265	1016	4095
1536	1024	4095	1526	1015	4095
1792	1024	4095	1786	1013	4095
2048	1024	4095	2045	1011	4095
2303	1024	4095	2303	1009	4095
2559	1024	4095	2562	1006	4095
2815	1024	4095	2820	1002	4095
3071	1024	4095	3079	997	4095
3327	1024	4095	3338	992	4095
3583	1024	4095	3597	985	4095
3839	1024	4095	3848	967	4095
4095	1024	4095	4095	942	4095
0	1280	4095	0	1279	4095
256	1280	4095	209	1277	4095
512	1280	4095	448	1276	4095
768	1280	4095	730	1276	4095
1024	1280	4095	999	1275	4095
1280	1280	4095	1264	1275	4095
1536	1280	4095	1525	1274	4095
1792	1280	4095	1785	1273	4095
2048	1280	4095	2044	1271	4095
2303	1280	4095	2302	1270	4095
2559	1280	4095	2561	1267	4095
2815	1280	4095	2820	1265	4095
3071	1280	4095	3078	1261	4095
3327	1280	4095	3337	1258	4095
3583	1280	4095	3596	1253	4095
3839	1280	4095	3848	1242	4095
4095	1280	4095	4095	1227	4095
0	1536	4095	0	1535	4095
256	1536	4095	206	1534	4095
512	1536	4095	443	1534	4095
768	1536	4095	727	1533	4095
1024	1536	4095	997	1533	4095
1280	1536	4095	1262	1533	4095
1536	1536	4095	1523	1532	4095
1792	1536	4095	1784	1531	4095
2048	1536	4095	2043	1530	4095
2303	1536	4095	2301	1528	4095
2559	1536	4095	2560	1527	4095
2815	1536	4095	2819	1525	4095
3071	1536	4095	3077	1522	4095
3327	1536	4095	3336	1519	4095
3583	1536	4095	3595	1515	4095
3839	1536	4095	3847	1508	4095
4095	1536	4095	4095	1498	4095
0	1792	4095	0	1791	4095
256	1792	4095	201	1791	4095
512	1792	4095	437	1791	4095
768	1792	4095	724	1791	4095
1024	1792	4095	995	1790	4095
1280	1792	4095	1260	1790	4095
1536	1792	4095	1522	1789	4095
1792	1792	4095	1782	1789	4095
2048	1792	4095	2042	1788	4095
2303	1792	4095	2300	1787	4095
2559	1792	4095	2559	1785	4095
2815	1792	4095	2818	1784	4095
3071	1792	4095	3076	1782	4095
3327	1792	4095	3335	1779	4095
3583	1792	4095	3594	1776	4095
3839	1792	4095	3847	1770	4095
4095	1792	4095	4095	1762	4095
0	2048	4095	0	2046	4095
256	2048	4095	196	2047	4095
512	2048	4095	430	2047	4095
768	2048	4095	720	2047	4095
1024	2048	4095	992	2047	4095
1280	2048	4095	1258	2047	4095
1536	2048	4095	1520	2047	4095
1792	2048	4095	1781	2046	4095
2048	2048	4095	2041	2045	4095
2303	2048	4095	2299	2044	4095
2559	2048	4095	2558	2043	4095
2815	2048	4095	2817	2042	4095
3071	2048	4095	3075	2040	4095
3327	2048	4095	3334	2038	4095
3583	2048	4095	3593	2036	4095
3839	2048	4095	3846	2029	4095
4095	2048	4095	4095	2020	4095
0	2303	4095	0	2301	4095
256	2303	4095	193	2303	4095
512	2303	4095	425	2303	4095
768	2303	4095	717	2303	4095
1024	2303	4095	990	2303	4095
1280	2303	4095	1256	2303	4095
1536	2303	4095	1518	2302	4095
1792	2303	4095	1779	2302	4095
2048	2303	4095	2039	2301	4095
2303	2303	4095	2297	2301	4095
2559	2303	4095	2556	2300	4095
2815	2303	4095	2815	2299	4095
3071	2303	4095	3074	2297	4095
3327	2303	4095	3333	2296	4095
3583	2303	4095	3592	2294	4095
3839	2303	4095	3845	2286	4095
4095	2303	4095	4095	2276	4095
0	2559	4095	0	2557	4095
256	2559	4095	188	2559	4095
512	2559	4095	418	2560	4095
768	2559	4095	713	2560	4095
1024	2559	4095	987	2560	4095
1280	2559	4095	1254	2559	4095
1536	2559	4095	1517	2559	4095
1792	2559	4095	1778	2559	4095
2048	2559	4095	2038	2558	4095
2303	2559	4095	2296	2558	4095
2559	2559	4095	2555	2557	4095
2815	2559	4095	2814	2556	4095
3071	2559	4095	3072	2555	4095
3327	2559	4095	3331	2554	4095
3583	2559	4095	3590	2552	4095
3839	2559	4095	3844	2545	4095
4095	2559	4095	4095	2536	4095
0	2815	4095	0	2813	4095
256	2815	4095	180	2815	4095
512	2815	4095	409	2816	4095
768	2815	4095	709	2816	4095
1024	2815	4095	985	2816	4095
1280	2815	4095	1252	2816	4095
1536	2815	4095	1515	2816	4095
1792	2815	4095	1776	2816	4095
2048	2815	4095	2036	2815	4095
2303	2815	4095	2294	2815	4095
2559	2815	4095	2553	2814	4095
2815	2815	4095	2812	2814	4095
3071	2815	4095	3071	2813	4095
3327	2815	4095	3329	2811	4095
3583	2815	4095	3588	2810	4095
3839	2815	4095	3843	2806	4095
4095	2815	4095	4095	2802	4095
0	3071	4095	0	3067	4095
256	3071	4095	160	3070	4095
512	3071	4095	383	3072	4095
768	3071	4095	704	3072	4095
1024	3071	4095	983	3072	4095
1280	3071	4095	1251	3072	4095
1536	3071	4095	1514	3072	4095
1792	3071	4095	1775	3072	4095
2048	3071	4095	2035	3072	4095
2303	3071	4095	2293	3071	4095
2559	3071	4095	2552	3071	4095
2815	3071	4095	2810	3071	4095
3071	3071	4095	3069	3070	4095
3327	3071	4095	3328	3069	4095
3583	3071	4095	3587	3068	4095
3839	3071	4095	3842	3064	4095
4095	3071	4095	4095	3059	4095
0	3327	4095	0	3321	4095
256	3327	4095	123	3324	4095
512	3327	4095	340	3327	4095
768	3327	4095	697	3328	4095
1024	3327	4095	983	3329	4095
1280	3327	4095	1251	3329	4095
1536	3327	4095	1513	3329	4095
1792	3327	4095	1774	3328	4095
2048	3327	4095	2034	3328	4095
2303	3327	4095	2292	3328	4095
2559	3327	4095	2551	3328	4095
2815	3327	4095	2809	3327	4095
3071	3327	4095	3067	3327	4095
3327	3327	4095	3326	3326	4095
3583	3327	4095	3584	3325	4095
3839	3327	4095	3841	3321	4095
4095	3327	4095	4095	3315	4095
0	3583	4095	0	3575	4095
256	3583	4095	35	3578	4095
512	3583	4095	236	3582	4095
768	3583	4095	685	3584	4095
1024	3583	4095	988	3585	4095
1280	3583	4095	1254	3585	4095
1536	3583	4095	1515	3585	4095
1792	3583	4095	1776	3584	4095
2048	3583	4095	2035	3584	4095
2303	3583	4095	2292	3584	4095
2559	3583	4095	2550	3584	4095
2815	3583	4095	2808	3584	4095
3071	3583	4095	3066	3583	4095
3327	3583	4095	3324	3583	4095
3583	3583	4095	3582	3582	4095
3839	3583	4095	3839	3580	4095
4095	3583	4095	4095	3576	4095
0	3839	4095	0	3828	4092
256	3839	4095	0	3832	4093
512	3839	4095	188	3835	4094
768	3839	4095	657	3839	4095
1024	3839	4095	974	3839	4094
1280	3839	4095	1251	3839	4094
1536	3839	4095	1517	3839	4094
1792	3839	4095	1776	3839	4095
2048	3839	4095	2030	3840	4095
2303	3839	4095	2289	3839	4095
2559	3839	4095	2549	3839	4095
2815	3839	4095	2808	3839	4095
3071	3839	4095	3065	3839	4095
3327	3839	4095	3323	3839	4095
3583	3839	4095	3581	3839	4095
3839	3839	4095	3838	3838	4095
4095	3839	4095	4095	3836	4095
0	4095	4095	0	4081	4086
256	4095	4095	0	4085	4088
512	4095	4095	176	4088	4091
768	4095	4095	617	4092	4094
1024	4095	4095	947	4093	4094
1280	4095	4095	1244	4092	4093
1536	4095	4095	1519	4093	4094
1792	4095	4095	1777	4094	4094
2048	4095	4095	2022	4094	4095
2303	4095	4095	2284	4094	4094
2559	4095	4095	2546	4094	4094
2815	4095	4095	2808	4094	4095
3071	4095	4095	3065	4094	4094
3327	4095	4095	3321	4094	4094
3583	4095	4095	3580	4095	4095
3839	4095	4095	3838	4095	4095
4095	4095	4095	4095	4095	4095